[关于我][阅读+咨询入口],https://zhuanlan.zhihu.com/p/369168255,
折腾记录：M1 芯片的 MacBook，怎样运行 Win10？,https://zhuanlan.zhihu.com/p/376462606,
间隔重复在课堂上是行不通的,https://zhuanlan.zhihu.com/p/375536775,
0 Content 目录《间隔重复的历史》,https://zhuanlan.zhihu.com/p/375379522,
【硬核】参数模拟(续)——从“诡异”的曲线上扬到“有毒”的记忆,https://zhuanlan.zhihu.com/p/79015431,
渐进学习专栏导读,https://zhuanlan.zhihu.com/p/374403541,
【硬核】参数模拟——每天 40 张新卡片，365 天后我要复习多少？,https://zhuanlan.zhihu.com/p/78398403,
QuickerMemo：以思考的速度渐进学习,https://zhuanlan.zhihu.com/p/374212495,
简评 Dendro：极简渐进阅读 web 应用,https://zhuanlan.zhihu.com/p/373005210,
渐进阅读的最小定义,https://zhuanlan.zhihu.com/p/372072085,
传统学习究竟怎样对接 Anki 制卡？也谈渐进学习。,https://zhuanlan.zhihu.com/p/56048163,
间隔重复中的简化与冗余,https://zhuanlan.zhihu.com/p/283017134,
SuperMemo 的三大模块，解决记忆的三大问题！,https://zhuanlan.zhihu.com/p/369881954,
系统化思维角度的记忆研究,https://zhuanlan.zhihu.com/p/357938638,
民主学校/家庭学校/非学校教育,https://zhuanlan.zhihu.com/p/369568521,
做全优学生的危险,https://zhuanlan.zhihu.com/p/369391813,
如何看待哈工大深圳禁止请假实习？,https://api.zhihu.com/questions/455294201,
Teacher 老师,https://zhuanlan.zhihu.com/p/369291348,
【翻译】为什么任何笔记系统在 SuperMemo 面前都是垃圾 (如 OneNote 和 Evernote),https://zhuanlan.zhihu.com/p/352176551,
Anki 算法与术语浅谈,https://zhuanlan.zhihu.com/p/42921090,
Modern schooling is like Soviet economy 现代学校教育就像苏联经济,https://zhuanlan.zhihu.com/p/365716946,
如何看待哈工大深圳禁止请假实习？,https://api.zhihu.com/questions/455294201,
Modern schooling is like Soviet economy 现代学校教育就像苏联经济,https://zhuanlan.zhihu.com/p/365716946,
【分享】Anki 哈工深计科牌组,https://zhuanlan.zhihu.com/p/362498928,
【补档】关于用Anki学习高中政史地的若干建议,https://zhuanlan.zhihu.com/p/59322376,
「公告」Anki 高考牌组解密工作圆满完成,https://zhuanlan.zhihu.com/p/269808977,
【分享】简单 Anki 英语之高考考纲单词,https://zhuanlan.zhihu.com/p/37969231,
渐进阅读：卡片刷不完？拥抱优先级！,https://zhuanlan.zhihu.com/p/364351955,
Utopian visions: Education via-a-vis North Korea 乌托邦的愿景：教育与 NK 对比,https://zhuanlan.zhihu.com/p/361530732,
Glorification of schooling 学校教育的美化,https://zhuanlan.zhihu.com/p/362170750,
Direct instruction 直接教学法,https://zhuanlan.zhihu.com/p/360820529,
HITszQAbot 迁移记录,https://zhuanlan.zhihu.com/p/363342119,
HITszQAbot 迁移记录,https://zhuanlan.zhihu.com/p/363342119,
教学的连贯与干扰问题,https://zhuanlan.zhihu.com/p/359061669,
Passive schooling 被动的学校教育,https://zhuanlan.zhihu.com/p/359037513,
我怎样才能外在地激励孩子?,https://zhuanlan.zhihu.com/p/357893386,
【分享】Anki 哈工深计科牌组,https://zhuanlan.zhihu.com/p/362498928,
Hole in the wall 凿壁上网,https://zhuanlan.zhihu.com/p/362420803,
Glorification of schooling 学校教育的美化,https://zhuanlan.zhihu.com/p/362170750,
义务教育的好处,https://zhuanlan.zhihu.com/p/352290343,
Coercion in learning 学习中的强迫,https://zhuanlan.zhihu.com/p/351872034,
Compulsory schooling 义务教育,https://zhuanlan.zhihu.com/p/351869026,
关于教育自由和信息自由,https://zhuanlan.zhihu.com/p/351348580,
Utopian visions: Education via-a-vis North Korea 乌托邦的愿景：教育与 NK 对比,https://zhuanlan.zhihu.com/p/361530732,
Curse of knowledge 知识的诅咒,https://zhuanlan.zhihu.com/p/361350076,
Direct instruction 直接教学法,https://zhuanlan.zhihu.com/p/360820529,
Cramming 死记硬背,https://zhuanlan.zhihu.com/p/360416156,
渐进阅读概念组最佳实践,https://zhuanlan.zhihu.com/p/360355624,
陈述性学习与程序性学习,https://zhuanlan.zhihu.com/p/360120302,
流言：学生天生懒惰，不喜欢学习,https://zhuanlan.zhihu.com/p/348663583,
课堂教学的内在问题,https://zhuanlan.zhihu.com/p/347510057,
Decoding failure penalty 解码失败惩罚,https://zhuanlan.zhihu.com/p/359921139,
War of the networks 神经网络战争,https://zhuanlan.zhihu.com/p/359658715,
Harms of self-discipline 自律的危害,https://zhuanlan.zhihu.com/p/359603059,
教育改革怎样可以不花钱？,https://zhuanlan.zhihu.com/p/347501064,
老汤比喻,https://zhuanlan.zhihu.com/p/306014650,
教学的连贯与干扰问题,https://zhuanlan.zhihu.com/p/359061669,
Passive schooling 被动的学校教育,https://zhuanlan.zhihu.com/p/359037513,
学习的基本规律,https://zhuanlan.zhihu.com/p/273225977,
自由学习,https://zhuanlan.zhihu.com/p/272543239,
拼图游戏比喻,https://zhuanlan.zhihu.com/p/271646965,
知识结晶,https://zhuanlan.zhihu.com/p/268536400,
教育解放宣言,https://zhuanlan.zhihu.com/p/268258730,
零和游戏花招,https://zhuanlan.zhihu.com/p/268248187,
语义学习,https://zhuanlan.zhihu.com/p/266922623,
儿童应有投票权,https://zhuanlan.zhihu.com/p/268255239,
我们需要老师吗？,https://zhuanlan.zhihu.com/p/259398622,
系统化思维角度的记忆研究,https://zhuanlan.zhihu.com/p/357938638,
我怎样才能外在地激励孩子?,https://zhuanlan.zhihu.com/p/357893386,
磨难就是荣耀?,https://zhuanlan.zhihu.com/p/253184005,
教育工厂模式,https://zhuanlan.zhihu.com/p/252300144,
普鲁士教育模式,https://zhuanlan.zhihu.com/p/251148900,
教育改革,https://zhuanlan.zhihu.com/p/242815901,
学习内驱力的优化,https://zhuanlan.zhihu.com/p/357209357,
21 Mountain climb metaphor 爬山类比,https://zhuanlan.zhihu.com/p/66683201,
20 Why kids hate school? 为什么孩子们讨厌学校？,https://zhuanlan.zhihu.com/p/70779863,
19 Childhood passions 童年的激情,https://zhuanlan.zhihu.com/p/73348892,
18 Stress resilience 压力适应力,https://zhuanlan.zhihu.com/p/73207325,
17 Daycare misery 幼儿园的苦难,https://zhuanlan.zhihu.com/p/73366114,
大脑算法保护现实的模型,https://zhuanlan.zhihu.com/p/356977535,
16 Childhood amnesia 童年失忆症（16.6-16.11+摘要）,https://zhuanlan.zhihu.com/p/72794136,
16 Childhood amnesia 童年失忆症（16.1-16.5）,https://zhuanlan.zhihu.com/p/72792752,
15 How baby brain does not work 婴儿的大脑怎样不起作用,https://zhuanlan.zhihu.com/p/72589385,
14 Baby management 婴儿管理,https://zhuanlan.zhihu.com/p/72498488,
13 Brain evolution 大脑进化,https://zhuanlan.zhihu.com/p/67313970,
12 Natural creativity cycle 自然创造力周期,https://zhuanlan.zhihu.com/p/68262875,
11 Optimum push zone 最佳推动区,https://zhuanlan.zhihu.com/p/67694020,
10 Why schools fail 为什么学校会失败,https://zhuanlan.zhihu.com/p/65338937,
Anki 复习数据清洗与分析(附源码和数据),https://zhuanlan.zhihu.com/p/337200754,
Anki 制卡对复习记忆效率的影响分析,https://zhuanlan.zhihu.com/p/346463057,
从 Duolingo 机器学习算法说起，浅析记忆数据的特征工程,https://zhuanlan.zhihu.com/p/345172257,
从 Anki 算法说起，探索记忆的状态空间,https://zhuanlan.zhihu.com/p/344716900,
复习算法发展的两大方向,https://zhuanlan.zhihu.com/p/343419228,
从一个记忆伪概念，到记忆研究的难题。,https://zhuanlan.zhihu.com/p/343115387,
遗忘机制,https://zhuanlan.zhihu.com/p/265081034,
干扰,https://zhuanlan.zhihu.com/p/269974053,
泛化与概念化（Generalization vs Conceptualization）,https://zhuanlan.zhihu.com/p/264989664,
一致性与连贯性(Consistency vs Coherence),https://zhuanlan.zhihu.com/p/264327134,
16 记忆研究摘要,https://zhuanlan.zhihu.com/p/164968911,
艾宾浩斯遗忘曲线的错误,https://zhuanlan.zhihu.com/p/156672476,
记忆的两个组成成分|浓缩通俗版,https://zhuanlan.zhihu.com/p/179076885,
记忆稳定性的两个组成成分,https://zhuanlan.zhihu.com/p/268782211,
记忆复杂性,https://zhuanlan.zhihu.com/p/304800091,
间隔效应,https://zhuanlan.zhihu.com/p/279166945,
记忆的神经统计模型,https://zhuanlan.zhihu.com/p/277483881,
遗忘曲线,https://zhuanlan.zhihu.com/p/274352214,
9 Toxic memory 毒性记忆,https://zhuanlan.zhihu.com/p/67390960,
8 Education counteracts evolution 教育抵消进化,https://zhuanlan.zhihu.com/p/66279009,
Goodness of knowledge 知识的好(下),https://zhuanlan.zhihu.com/p/355224397,
Goodness of knowledge 知识的好(上),https://zhuanlan.zhihu.com/p/355214326,
7 Learn drive vs. learned helplessness 学习内驱力与习得性无助,https://zhuanlan.zhihu.com/p/65899656,
如何搜索 AnkiWeb 上分享的中文牌组？,https://zhuanlan.zhihu.com/p/355135560,
电子游戏比老师好,https://zhuanlan.zhihu.com/p/354952708,
06 1989: SuperMemo 适应用户记忆(下),https://zhuanlan.zhihu.com/p/213170503,
6 Learn drive and reward 学习内驱力和奖励（6.22-6.25+摘要）,https://zhuanlan.zhihu.com/p/64573052,
6 Learn drive and reward 学习内驱力和奖励（6.17-6.21）,https://zhuanlan.zhihu.com/p/64573017,
06 1989: SuperMemo 适应用户记忆(中),https://zhuanlan.zhihu.com/p/207094393,
6 Learn drive and reward 学习内驱力和奖励（6.11-6.16）,https://zhuanlan.zhihu.com/p/64572381,
06 1989: SuperMemo 适应用户记忆(上),https://zhuanlan.zhihu.com/p/205600711,
6 Learn drive and reward 学习内驱力和奖励（6.1-6.10）,https://zhuanlan.zhihu.com/p/64571517,
05 1988：记忆的两个组成成分,https://zhuanlan.zhihu.com/p/99505568,
5 Effect of schooling on the learn drive 学校对学习内驱力的影响,https://zhuanlan.zhihu.com/p/52990626,
4 Learn drive 学习内驱力,https://zhuanlan.zhihu.com/p/52990549,
04 SuperMemo 1.0: 日志 (1987),https://zhuanlan.zhihu.com/p/97887756,
03 1986：SuperMemo 的第一步,https://zhuanlan.zhihu.com/p/96603060,
3 Brain science 脑科学,https://zhuanlan.zhihu.com/p/52990495,
02 1985：SuperMemo 的诞生,https://zhuanlan.zhihu.com/p/95111167,
2 Motto 箴言,https://zhuanlan.zhihu.com/p/52990307,
01 Introduction 前言,https://zhuanlan.zhihu.com/p/92640205,
1 Introduction 前言,https://zhuanlan.zhihu.com/p/52805512,
How school can ruin a life 学校是如何毁了一个人的生活,https://zhuanlan.zhihu.com/p/354000728,
Futility of schooling 学校教育的徒劳,https://zhuanlan.zhihu.com/p/353878177,
Asemantic curriculum 无语义课程,https://zhuanlan.zhihu.com/p/353614809,
自我导向/自定进度/自学,https://zhuanlan.zhihu.com/p/353404375,
迷思：我们不需要知识，只需要一个知识索引,https://zhuanlan.zhihu.com/p/353065982,
【翻译】渐进摘录处理的原因(I)：更好的元记忆判断,https://zhuanlan.zhihu.com/p/352763959,
【翻译】在渐进阅读中，创建摘录卡片后该做什么？,https://zhuanlan.zhihu.com/p/352611888,
义务教育的好处,https://zhuanlan.zhihu.com/p/352290343,
【翻译】为什么任何笔记系统在 SuperMemo 面前都是垃圾 (如 OneNote 和 Evernote),https://zhuanlan.zhihu.com/p/352176551,
误区：睡前学习是最好的,https://zhuanlan.zhihu.com/p/352086974,
误区：在第一天就多次复习你的材料,https://zhuanlan.zhihu.com/p/352083787,
Coercion in learning 学习中的强迫,https://zhuanlan.zhihu.com/p/351872034,
Compulsory schooling 义务教育,https://zhuanlan.zhihu.com/p/351869026,
如何解决任何问题？,https://zhuanlan.zhihu.com/p/351779186,
SuperMemo 自动备份,https://zhuanlan.zhihu.com/p/351606263,
关于教育自由和信息自由,https://zhuanlan.zhihu.com/p/351348580,
理性拖延,https://zhuanlan.zhihu.com/p/350725699,
Tree growth metaphor 树木生长比喻,https://zhuanlan.zhihu.com/p/349822700,
Missile metaphor 导弹比喻,https://zhuanlan.zhihu.com/p/349684538,
涌现 Emergence,https://zhuanlan.zhihu.com/p/349290940,
流言：学生天生懒惰，不喜欢学习,https://zhuanlan.zhihu.com/p/348663583,
课堂教学的内在问题,https://zhuanlan.zhihu.com/p/347510057,
教育改革怎样可以不花钱？,https://zhuanlan.zhihu.com/p/347501064,
从国产 Anki 类软件说起，谈谈教育技术和内卷（暴论）,https://zhuanlan.zhihu.com/p/346567385,
简单 Anki 高考制卡心得,https://zhuanlan.zhihu.com/p/35390139,
Anki 制卡对复习记忆效率的影响分析,https://zhuanlan.zhihu.com/p/346463057,
从 Duolingo 机器学习算法说起，浅析记忆数据的特征工程,https://zhuanlan.zhihu.com/p/345172257,
从 Anki 算法说起，探索记忆的状态空间,https://zhuanlan.zhihu.com/p/344716900,
复习算法发展的两大方向,https://zhuanlan.zhihu.com/p/343419228,
从一个记忆伪概念，到记忆研究的难题。,https://zhuanlan.zhihu.com/p/343115387,
写在2021之前——一篇自言自语,https://zhuanlan.zhihu.com/p/337958100,
Anki 复习数据清洗与分析(附源码和数据),https://zhuanlan.zhihu.com/p/337200754,
【翻译】示范：我的渐进阅读工作流程,https://zhuanlan.zhihu.com/p/322673517,
【翻译】SuperMemo 中渐进阅读的意义：第二部分,https://zhuanlan.zhihu.com/p/322584755,
【翻译】SuperMemo 中渐进阅读的意义：第一部分,https://zhuanlan.zhihu.com/p/322497441,
渐进阅读材料导入与预处理,https://zhuanlan.zhihu.com/p/321701995,
20 条知识表述规则（20 周年版）,https://zhuanlan.zhihu.com/p/269997143,
基于主动回忆的学习中的知识结构与表述,https://zhuanlan.zhihu.com/p/297790034,
误区：你需要每天使用 SuperMemo 学习,https://zhuanlan.zhihu.com/p/319611234,
渐进阅读懒人样式,https://zhuanlan.zhihu.com/p/318653942,
误区：SuperMemo 的重复会浪费太多时间,https://zhuanlan.zhihu.com/p/315758950,
渐进阅读基本概念与操作介绍,https://zhuanlan.zhihu.com/p/313684185,
渐进阅读的必然性,https://zhuanlan.zhihu.com/p/313020639,
迷信：记忆是不需要的,https://zhuanlan.zhihu.com/p/311666201,
迷信：每个人的遗忘速度相同,https://zhuanlan.zhihu.com/p/310377557,
如果在知乎发帖可以加经验，你会灌水吗？,https://api.zhihu.com/questions/431834403,
同时阅读上百篇文章？渐进阅读之程序员视角(IRAPP),https://zhuanlan.zhihu.com/p/307996163,
同时阅读上百篇文章？渐进阅读之程序员视角(IRAPP),https://zhuanlan.zhihu.com/p/307996163,
难点卡片(Leech),https://zhuanlan.zhihu.com/p/307602868,
老汤比喻,https://zhuanlan.zhihu.com/p/306014650,
间隔重复 (spaced repetition),https://zhuanlan.zhihu.com/p/305651556,
记忆复杂性,https://zhuanlan.zhihu.com/p/304800091,
概念计算,https://zhuanlan.zhihu.com/p/304193622,
彼得 · 沃兹尼亚克,https://zhuanlan.zhihu.com/p/303204832,
基于主动回忆的学习中的知识结构与表述,https://zhuanlan.zhihu.com/p/297790034,
无语义学习,https://zhuanlan.zhihu.com/p/295053968,
语义框架,https://zhuanlan.zhihu.com/p/295032009,
量子物理学家用 Anki 重新发现渐进阅读,https://zhuanlan.zhihu.com/p/289631499,
间隔效应的结构与分子机理,https://zhuanlan.zhihu.com/p/288609114,
间隔重复中的简化与冗余,https://zhuanlan.zhihu.com/p/283017134,
不要在没有理解之前就去记忆,https://zhuanlan.zhihu.com/p/281085595,
在 Anki 制作 2.9 万张卡片，复习 33 万次之后，我转用了 SuperMemo,https://zhuanlan.zhihu.com/p/279553703,
间隔效应,https://zhuanlan.zhihu.com/p/279166945,
记忆的神经统计模型,https://zhuanlan.zhihu.com/p/277483881,
通用描述符,https://zhuanlan.zhihu.com/p/274891979,
遗忘曲线,https://zhuanlan.zhihu.com/p/274352214,
学习的基本规律,https://zhuanlan.zhihu.com/p/273225977,
论老鼠比受过学校教育的人更优越,https://zhuanlan.zhihu.com/p/272801606,
自由学习,https://zhuanlan.zhihu.com/p/272543239,
拼图游戏比喻,https://zhuanlan.zhihu.com/p/271646965,
抽象知识,https://zhuanlan.zhihu.com/p/270927894,
20 条知识表述规则（20 周年版）,https://zhuanlan.zhihu.com/p/269997143,
干扰,https://zhuanlan.zhihu.com/p/269974053,
「公告」Anki 高考牌组解密工作圆满完成,https://zhuanlan.zhihu.com/p/269808977,
【解密】第18期「完」：物质结构与性质|Anki化学,https://zhuanlan.zhihu.com/p/269670900,
记忆稳定性的两个组成成分,https://zhuanlan.zhihu.com/p/268782211,
知识结晶,https://zhuanlan.zhihu.com/p/268536400,
教育解放宣言,https://zhuanlan.zhihu.com/p/268258730,
儿童应有投票权,https://zhuanlan.zhihu.com/p/268255239,
零和游戏花招,https://zhuanlan.zhihu.com/p/268248187,
我们该如何学习“学习”？提出这几个核心问题实践一下吧！,https://zhuanlan.zhihu.com/p/268133417,
【解密】第17期：有机化学|Anki化学,https://zhuanlan.zhihu.com/p/266932732,
语义学习,https://zhuanlan.zhihu.com/p/266922623,
睡眠中的记忆优化,https://zhuanlan.zhihu.com/p/266856783,
概念网络,https://zhuanlan.zhihu.com/p/266541480,
醒醒，别再沉迷各种学习方法了！本文带你理解学习的核心问题。（5k+字、20+参考）,https://zhuanlan.zhihu.com/p/262712738,
【解密】第16期：化学元素|Anki化学,https://zhuanlan.zhihu.com/p/265539478,
遗忘机制,https://zhuanlan.zhihu.com/p/265081034,
泛化与概念化（Generalization vs Conceptualization）,https://zhuanlan.zhihu.com/p/264989664,
知识达尔文主义（知识进化论）,https://zhuanlan.zhihu.com/p/264940693,
一致性与连贯性(Consistency vs Coherence),https://zhuanlan.zhihu.com/p/264327134,
醒醒，别再沉迷各种学习方法了！本文带你理解学习的核心问题。（5k+字、20+参考）,https://zhuanlan.zhihu.com/p/262712738,
【解密】第15期：背默|Anki语文,https://zhuanlan.zhihu.com/p/262701198,
【解密】第14期：化学方程式|Anki化学,https://zhuanlan.zhihu.com/p/260442817,
我们需要老师吗？,https://zhuanlan.zhihu.com/p/259398622,
【解密】第13期：现代生物科技|Anki生物,https://zhuanlan.zhihu.com/p/258438100,
错误模型的价值,https://zhuanlan.zhihu.com/p/258435094,
我怎样才能读得更快？,https://zhuanlan.zhihu.com/p/256212819,
磨难就是荣耀?,https://zhuanlan.zhihu.com/p/253184005,
教育工厂模式,https://zhuanlan.zhihu.com/p/252300144,
普鲁士教育模式,https://zhuanlan.zhihu.com/p/251148900,
「公告」关于专栏重组事宜,https://zhuanlan.zhihu.com/p/250434140,
【解密】第12期：阅读词汇|Anki英语,https://zhuanlan.zhihu.com/p/248076043,
制作间隔重复卡片,https://zhuanlan.zhihu.com/p/245530782,
教育改革,https://zhuanlan.zhihu.com/p/242815901,
在 RemNote 中构建知识,https://zhuanlan.zhihu.com/p/242322075,
间隔重复概述,https://zhuanlan.zhihu.com/p/239734539,
Rem 引用,https://zhuanlan.zhihu.com/p/238333440,
迅速组织层次结构,https://zhuanlan.zhihu.com/p/238211772,
5 分钟了解 Remnote,https://zhuanlan.zhihu.com/p/235834139,
【解密】第11期：反应原理|Anki化学,https://zhuanlan.zhihu.com/p/232327520,
Remnote——记住你的笔记！,https://zhuanlan.zhihu.com/p/229018036,
【解密】第10期：生物技术实践|Anki生物,https://zhuanlan.zhihu.com/p/214354261,
06 1989: SuperMemo 适应用户记忆(下),https://zhuanlan.zhihu.com/p/213170503,
06 1989: SuperMemo 适应用户记忆(中),https://zhuanlan.zhihu.com/p/207094393,
06 1989: SuperMemo 适应用户记忆(上),https://zhuanlan.zhihu.com/p/205600711,
【解密】第9期：数列|Anki数学,https://zhuanlan.zhihu.com/p/199016664,
Anki 填空题如何给挖空部分加提示？,https://api.zhihu.com/questions/417269290,
Anki 圈子建设计划,https://zhuanlan.zhihu.com/p/186189133,
【解密】第8期：语法词汇|Anki英语,https://zhuanlan.zhihu.com/p/188869178,
【解密】第7期：工业流程|Anki化学,https://zhuanlan.zhihu.com/p/180127316,
遗忘指数是间隔重复中的一个有缺陷的度量,https://zhuanlan.zhihu.com/p/179057473,
记忆的两个组成成分|浓缩通俗版,https://zhuanlan.zhihu.com/p/179076885,
Anki 2.1 scheduler/安排算法,https://zhuanlan.zhihu.com/p/177609573,
【经验】他人牌组食用指北|Anki,https://zhuanlan.zhihu.com/p/168386543,
【解密】第6期：稳态与环境|Anki生物,https://zhuanlan.zhihu.com/p/166561325,
16 记忆研究摘要,https://zhuanlan.zhihu.com/p/164968911,
【解密】第5期：三角函数及解三角形|Anki数学,https://zhuanlan.zhihu.com/p/164883400,
Anki 能做到什么?不能做到什么?,https://api.zhihu.com/questions/410244318,
【解密】第4期：文言实词|Anki语文,https://zhuanlan.zhihu.com/p/163271957,
HITszQAbot 项目记录,https://zhuanlan.zhihu.com/p/158186707,
又一款不错的 Anki 划词插件,https://zhuanlan.zhihu.com/p/161690440,
在使用Anki过程中有哪些拆卡经验值得分享？,https://api.zhihu.com/questions/407795041,
【解密】第3期：写作词汇|Anki英语,https://zhuanlan.zhihu.com/p/160246939,
HITszQAbot 项目记录,https://zhuanlan.zhihu.com/p/158186707,
【解密】第2期：化学与生活|Anki化学,https://zhuanlan.zhihu.com/p/151780432,
艾宾浩斯遗忘曲线的错误,https://zhuanlan.zhihu.com/p/156672476,
【解密】第1期：遗传与进化|Anki生物,https://zhuanlan.zhihu.com/p/151738322,
【万粉纪念】兼【激励计划】及【解密系列序章】,https://zhuanlan.zhihu.com/p/151319005,
【合集】那些 Anki 高考牌组的作者们,https://zhuanlan.zhihu.com/p/104104736,
知乎圈子怎么同步原创回答？,https://api.zhihu.com/questions/403069061,
【思货】“旗帜鲜明”地反对用 Anki “刷题”（评论区更精彩）,https://zhuanlan.zhihu.com/p/144948551,
【公告】Anki 高考牌组下架及解密的相关事宜,https://zhuanlan.zhihu.com/p/142177105,
【硬核】Anki2.1 打印卡片(续)——关于填空卡片转生成为复习提纲的那档事,https://zhuanlan.zhihu.com/p/138240220,
【硬核】Anki2.1 打印卡片——可以打印还能自测，这样的问答卡片你喜欢吗？,https://zhuanlan.zhihu.com/p/137769105,
【授权转载】【Ank高级操作技巧】(8)-添加表格,https://zhuanlan.zhihu.com/p/136792696,
Anki 超强插件介绍,https://zhuanlan.zhihu.com/p/129399031,
【分享】QuickerXMathpix 实现截图公式OCR,https://zhuanlan.zhihu.com/p/127043982,
【介绍】SuperMemo China 翻译计划,https://zhuanlan.zhihu.com/p/127030397,
「二周年」Anki 高考，回顾与展望。,https://zhuanlan.zhihu.com/p/114881523,
【补档】Anki与高考听力的完美融合——经验与福利分享,https://zhuanlan.zhihu.com/p/59323356,
【介绍】Osmosis——视频网课、卡片与间隔重复的有机结合,https://zhuanlan.zhihu.com/p/106058169,
【实战】Anki 生物专题快速制卡,https://zhuanlan.zhihu.com/p/104370779,
【合集】那些 Anki 高考牌组的作者们,https://zhuanlan.zhihu.com/p/104104736,
【合集】关于 Anki，我们曾经做过的梦,https://zhuanlan.zhihu.com/p/103810284,
【实战】大学英语六级翻译词汇快速制卡记录,https://zhuanlan.zhihu.com/p/102259740,
用Anki备战高考是种怎样的体验？,https://api.zhihu.com/questions/365039152,
05 1988：记忆的两个组成成分,https://zhuanlan.zhihu.com/p/99505568,
04 SuperMemo 1.0: 日志 (1987),https://zhuanlan.zhihu.com/p/97887756,
【FAQ】Anki 高考牌组「精简版」答疑（安卓版）TOP 10,https://zhuanlan.zhihu.com/p/97488347,
你是怎样向朋友推荐Anki的？,https://api.zhihu.com/questions/360572717,
为什么我仍在推荐 Anki ——学习观18.5观后感,https://zhuanlan.zhihu.com/p/96810791,
03 1986：SuperMemo 的第一步,https://zhuanlan.zhihu.com/p/96603060,
修复手机上无法直接打开.apkg(牌组)文件的问题！,https://zhuanlan.zhihu.com/p/96259556,
02 1985：SuperMemo 的诞生,https://zhuanlan.zhihu.com/p/95111167,
【Anki 牌组+Markdown笔记分享】汇编语言,https://zhuanlan.zhihu.com/p/94724167,
如何在 Ankidroid 上指定特定字段文字转语音(TTS)？,https://zhuanlan.zhihu.com/p/93874295,
没错！这是新坑！History of spaced repetition 翻译项目来了！,https://zhuanlan.zhihu.com/p/92646093,
01 Introduction 前言,https://zhuanlan.zhihu.com/p/92640205,
Ankidroid 2.9 终于发布了！,https://zhuanlan.zhihu.com/p/86636858,
Anki+Markdown/Word，这样自学很扎实！,https://zhuanlan.zhihu.com/p/84712668,
缘分、传火、路标——不知从何处看起的朋友，不妨来这看看,https://zhuanlan.zhihu.com/p/79388985,
Anki 大学牌组低调发布,https://zhuanlan.zhihu.com/p/79070833,
【硬核】参数模拟(续)——从“诡异”的曲线上扬到“有毒”的记忆,https://zhuanlan.zhihu.com/p/79015431,
【硬核】参数模拟——每天 40 张新卡片，365 天后我要复习多少？,https://zhuanlan.zhihu.com/p/78398403,
作为计划工具的 Anki 还有这些效果？,https://zhuanlan.zhihu.com/p/76959816,
Anki 划词助手这样用，你也可以在知乎上快速提分！,https://zhuanlan.zhihu.com/p/76957375,
（新坑）知乎╳Anki╳高考——怎样在知乎上用 Anki 提分？,https://zhuanlan.zhihu.com/p/76257659,
传统学习究竟怎样对接 Anki 制卡？也谈渐进学习。,https://zhuanlan.zhihu.com/p/56048163,
Anki 统计数据怎么看？,https://zhuanlan.zhihu.com/p/74724514,
【填坑】《I would never send my kids to school》翻译完毕,https://zhuanlan.zhihu.com/p/73395783,
0 Content 目录《我永远不会送我的孩子去学校》,https://zhuanlan.zhihu.com/p/73383015,
24 Further reading 拓展阅读,https://zhuanlan.zhihu.com/p/73367658,
23 Reference 参考文献,https://zhuanlan.zhihu.com/p/73367484,
22 Glossary 术语表,https://zhuanlan.zhihu.com/p/73367196,
17 Daycare misery 幼儿园的苦难,https://zhuanlan.zhihu.com/p/73366114,
19 Childhood passions 童年的激情,https://zhuanlan.zhihu.com/p/73348892,
18 Stress resilience 压力适应力,https://zhuanlan.zhihu.com/p/73207325,
16 Childhood amnesia 童年失忆症（16.6-16.11+摘要）,https://zhuanlan.zhihu.com/p/72794136,
16 Childhood amnesia 童年失忆症（16.1-16.5）,https://zhuanlan.zhihu.com/p/72792752,
15 How baby brain does not work 婴儿的大脑怎样不起作用,https://zhuanlan.zhihu.com/p/72589385,
14 Baby management 婴儿管理,https://zhuanlan.zhihu.com/p/72498488,
高树是什么树？可以吃吗？大学牌组第一弹——「高等数学」,https://zhuanlan.zhihu.com/p/71560512,
20 Why kids hate school? 为什么孩子们讨厌学校？,https://zhuanlan.zhihu.com/p/70779863,
Anki 高考牌组「精简版」修订完毕,https://zhuanlan.zhihu.com/p/70382726,
祝贺，AnkiDroid 更新支持 MathJax！（附插入公式教程）,https://zhuanlan.zhihu.com/p/69189678,
12 Natural creativity cycle 自然创造力周期,https://zhuanlan.zhihu.com/p/68262875,
11 Optimum push zone 最佳推动区,https://zhuanlan.zhihu.com/p/67694020,
9 Toxic memory 毒性记忆,https://zhuanlan.zhihu.com/p/67390960,
13 Brain evolution 大脑进化,https://zhuanlan.zhihu.com/p/67313970,
21 Mountain climb metaphor 爬山类比,https://zhuanlan.zhihu.com/p/66683201,
8 Education counteracts evolution 教育抵消进化,https://zhuanlan.zhihu.com/p/66279009,
7 Learn drive vs. learned helplessness 学习内驱力与习得性无助,https://zhuanlan.zhihu.com/p/65899656,
10 Why schools fail 为什么学校会失败,https://zhuanlan.zhihu.com/p/65338937,
6 Learn drive and reward 学习内驱力和奖励（6.22-6.25+摘要）,https://zhuanlan.zhihu.com/p/64573052,
6 Learn drive and reward 学习内驱力和奖励（6.17-6.21）,https://zhuanlan.zhihu.com/p/64573017,
6 Learn drive and reward 学习内驱力和奖励（6.11-6.16）,https://zhuanlan.zhihu.com/p/64572381,
6 Learn drive and reward 学习内驱力和奖励（6.1-6.10）,https://zhuanlan.zhihu.com/p/64571517,
AnkiDroid 用户福音！Anki 涂鸦制卡正式发布！,https://zhuanlan.zhihu.com/p/63915182,
我的 Anki 二周年——曾经的痛苦，不愿再有人遭受,https://zhuanlan.zhihu.com/p/62915980,
站在高中数学与物理的角度理解学习观以及对 Anki 学习法的启示(费曼技巧与实践),https://zhuanlan.zhihu.com/p/62257444,
Anki 教程(电子书)与 B 站 Ankidroid 教程(视频)快速通道,https://zhuanlan.zhihu.com/p/61564332,
一张图掌握 AnkiDroid 的 40 个页面！,https://zhuanlan.zhihu.com/p/61561566,
基于 GitHub 的 Anki 牌组制作协作介绍,https://zhuanlan.zhihu.com/p/60876949,
「一周年」专栏整理,https://zhuanlan.zhihu.com/p/57637220,
「硬核」卡片模板修改与制作入门,https://zhuanlan.zhihu.com/p/59438099,
【补档】Anki与高考听力的完美融合——经验与福利分享,https://zhuanlan.zhihu.com/p/59323356,
【补档】关于用Anki学习高中政史地的若干建议,https://zhuanlan.zhihu.com/p/59322376,
Anki 合作制卡——如何让牌组与表格之间互相转换？,https://zhuanlan.zhihu.com/p/58299293,
Anki 学习小组指导手册v0.0.1,https://zhuanlan.zhihu.com/p/57628357,
【理论】穿插练习——「乱」中取胜的秘密,https://zhuanlan.zhihu.com/p/57139724,
【理论】测试效应——什么？考试有助于我的学习？,https://zhuanlan.zhihu.com/p/57113246,
【理论】Study smarter, NOT longer. 你需要间隔重复！,https://zhuanlan.zhihu.com/p/57020308,
AnkiDroid 同步慢，「微力同步」来帮忙！,https://zhuanlan.zhihu.com/p/56645974,
用 Anki 建立高效复习错题体系,https://zhuanlan.zhihu.com/p/56368086,
为什么改变原有的学习习惯如此困难？,https://zhuanlan.zhihu.com/p/56194501,
只用过手机的人相比用过电脑后用手机的人有什么不同？,https://api.zhihu.com/questions/310300868,
如何制作app视频教程？,https://api.zhihu.com/questions/310041028,
牌组许可证体系,https://zhuanlan.zhihu.com/p/55414738,
25 Summary 摘要,https://zhuanlan.zhihu.com/p/55041489,
Anki高考的20条原则(16-20)—来自《有效的学习：组织知识的20条原则》,https://zhuanlan.zhihu.com/p/54393154,
Anki高考的20条原则(11-15)—来自《有效的学习：组织知识的20条原则》,https://zhuanlan.zhihu.com/p/53919249,
高中生用手机、电脑学习还需要克服哪些障碍才能被学校认同？,https://api.zhihu.com/questions/307217165,
Anki高考的20条原则(6-10)—来自《有效的学习：组织知识的20条原则》,https://zhuanlan.zhihu.com/p/52459340,
5 Effect of schooling on the learn drive 学校对学习内驱力的影响,https://zhuanlan.zhihu.com/p/52990626,
4 Learn drive 学习内驱力,https://zhuanlan.zhihu.com/p/52990549,
3 Brain science 脑科学,https://zhuanlan.zhihu.com/p/52990495,
2 Motto 箴言,https://zhuanlan.zhihu.com/p/52990307,
supermemo.guru 翻译计划开始了！,https://zhuanlan.zhihu.com/p/52816339,
1 Introduction 前言,https://zhuanlan.zhihu.com/p/52805512,
Anki高考的20条原则(1-5)—来自《有效的学习：组织知识的20条原则》,https://zhuanlan.zhihu.com/p/52369009,
『Ankier』的学习态度 & 学习即习惯养成论,https://zhuanlan.zhihu.com/p/52050272,
怎样的利用高效工具才是正确的？,https://zhuanlan.zhihu.com/p/51915042,
告别低效~看一眼这里，我帮您省时间！,https://zhuanlan.zhihu.com/p/51407096,
理科高考 「全覆盖」牌组制作 & 专栏停更,https://zhuanlan.zhihu.com/p/47831358,
破解长篇背诵的 Anki 模板！Anki+网格记忆法！,https://zhuanlan.zhihu.com/p/50393957,
关于我的舍友偷偷用手机学习这回事—③,https://zhuanlan.zhihu.com/p/50191634,
关于我的舍友偷偷用手机学习这回事—②,https://zhuanlan.zhihu.com/p/50144678,
关于我的舍友偷偷用手机学习这回事—①,https://zhuanlan.zhihu.com/p/49490348,
Anki 超强插件推荐,https://zhuanlan.zhihu.com/p/49331137,
B 站 Anki 学习录像投稿计划,https://zhuanlan.zhihu.com/p/48531333,
如何正确利用 「Anki」强大的卡片查找功能？,https://zhuanlan.zhihu.com/p/48318470,
电脑端如何快速输入数学符号？,https://zhuanlan.zhihu.com/p/48313836,
中国计算机大会参会随笔,https://zhuanlan.zhihu.com/p/47974489,
从写 AI 到量化思维：深夜写 AI 有感,https://zhuanlan.zhihu.com/p/40661128,
从3000名开外到100名以内，我选择 Anki,https://zhuanlan.zhihu.com/p/40572397,
「Anki」与时间规划,https://zhuanlan.zhihu.com/p/40386886,
2698 张体验卡片，带每一位高中生进入 Anki 学习法的世界,https://zhuanlan.zhihu.com/p/40144454,
「Anki」：刷卡30分钟，牢记300个知识点，打造学习闭环,https://zhuanlan.zhihu.com/p/39588947,
还在请家教？TA会这样辅导你吗？——「Anki」与家教辅导,https://zhuanlan.zhihu.com/p/39428338,
What！草稿还能这样“玩”？——「Anki」与草稿纸,https://zhuanlan.zhihu.com/p/38982064,
【转载】聊聊【折腾】的重要性,https://zhuanlan.zhihu.com/p/38855705,
史上最“全”「Anki高考」牌组整理完毕！,https://zhuanlan.zhihu.com/p/38507330,
关于写作阵地的转进,https://zhuanlan.zhihu.com/p/38267039,
你还在按科目整理材料？论「Anki」思维对归类材料的启发！,https://zhuanlan.zhihu.com/p/38401696,
简单常见记忆误区解惑,https://zhuanlan.zhihu.com/p/38306259,
【实战】简单 Anki 生物之必修一,https://zhuanlan.zhihu.com/p/38183211,
【转载】你总是在权衡利弊，却不肯用尽全力,https://zhuanlan.zhihu.com/p/38017339,
带你用「Anki」轻松战高考！,https://zhuanlan.zhihu.com/p/38010369,
【分享】简单 Anki 英语之高考考纲单词,https://zhuanlan.zhihu.com/p/37969231,
揭秘「Anki」考前制卡记录（及暑假计划）,https://zhuanlan.zhihu.com/p/37501272,
做卡片太慢，错题太多不想录入？用「Anki」错题复习法！,https://zhuanlan.zhihu.com/p/37260129,
揭秘「Anki」强化训练法,https://zhuanlan.zhihu.com/p/37028927,
【实战】简单 Anki 英语之词性转换,https://zhuanlan.zhihu.com/p/36788200,
简单「Anki」操作手册,https://zhuanlan.zhihu.com/p/36775923,
简单「Anki」团队学习,https://zhuanlan.zhihu.com/p/36746902,
【实战】简单 Anki 英语之熟词生义,https://zhuanlan.zhihu.com/p/36475725,
简单 Anki 高考制卡心得,https://zhuanlan.zhihu.com/p/35390139,
【实战】简单 Anki 物理之物理学史,https://zhuanlan.zhihu.com/p/36238520,
简单 Anki 高中牌组获取,https://zhuanlan.zhihu.com/p/35933765,
【实战】简单 Anki 语文之背默易错字,https://zhuanlan.zhihu.com/p/35926711,
【分享】简单 Anki 英语之作文话题,https://zhuanlan.zhihu.com/p/35688502,
简单高考╳Anki问题收集贴,https://zhuanlan.zhihu.com/p/35466617,
简单刷题方法论,https://zhuanlan.zhihu.com/p/35376245,
简单「Anki」打卡贴（旧）,https://zhuanlan.zhihu.com/p/35370995,
把学习材料录入Anki并分享算不算侵权？,https://api.zhihu.com/questions/271319654,
把学习材料录入Anki并分享算不算侵权？,https://api.zhihu.com/questions/271319654,
简单「Anki」上手教程,https://zhuanlan.zhihu.com/p/35345297,
【实战】简单 Anki 化学之答题规范（纸质材料制卡）,https://zhuanlan.zhihu.com/p/35344493,
简单分享「Anki」与效率软件,https://zhuanlan.zhihu.com/p/35322894,
简单分享高考╳Anki使用经验,https://zhuanlan.zhihu.com/p/35298807,
简单专栏介绍及目录,https://zhuanlan.zhihu.com/p/35235203,
有没有一款学习软件可以推送同类题呢？,https://api.zhihu.com/questions/270868656,
有没有一款学习软件可以推送同类题呢？,https://api.zhihu.com/questions/270868656,
【实战】简单 Anki 语文之成语熟语,https://zhuanlan.zhihu.com/p/35185793,
简单分享高考╳Anki学习技巧怎么做,https://zhuanlan.zhihu.com/p/35097082,
简单交流高中学习是什么,https://zhuanlan.zhihu.com/p/35060560,
简单了解「Anki」是什么,https://zhuanlan.zhihu.com/p/35039475,
某高三学生基于 Anki 的学习模式,https://zhuanlan.zhihu.com/p/34901882,
【实战】简单 Anki 英语之作文词汇,https://zhuanlan.zhihu.com/p/34891600,
某高三学生的「Anki」使用心得,https://zhuanlan.zhihu.com/p/34881368,
