[关于我][阅读+咨询入口],https://zhuanlan.zhihu.com/p/369168255,article,
【翻译】在 Issa Rice 之后，专家回答启发式,https://zhuanlan.zhihu.com/p/404586617,article,
【翻译】在非技术性的助记文本中，填空卡经常引起挫败感,https://zhuanlan.zhihu.com/p/404396584,article,
【翻译】间隔重复记忆系统 [施工中],https://zhuanlan.zhihu.com/p/404257681,article,
【翻译】间隔重复记忆卡片应该明确地产生一个具体的答案,https://zhuanlan.zhihu.com/p/403597788,article,
几点背单词更高效？你是「早派」还是「晚派」？,https://www.zhihu.com/answer/2083803987,answer,
【翻译】深刻的理解需要详细的基础知识,https://zhuanlan.zhihu.com/p/403208725,article,
【翻译】间隔重复记忆卡片应确保复习者必须从记忆中提取出答案,https://zhuanlan.zhihu.com/p/402705173,article,
有没有办法用anki同时避免知识碎片化？,https://www.zhihu.com/answer/2077228696,answer,
【翻译】学习越来越复杂的概念可能相当于形成更大的有效组块,https://zhuanlan.zhihu.com/p/402333898,article,
【翻译】高效的间隔重复记忆系统的最大吸收率是多少？,https://zhuanlan.zhihu.com/p/402215757,article,
【翻译】编写间隔重复记忆卡片应避免浅层次的「模式匹配」,https://zhuanlan.zhihu.com/p/401944262,article,
【翻译】间隔重复记忆卡片应该从多个角度对概念进行编码,https://zhuanlan.zhihu.com/p/401463758,article,
JOST'S LAW 约斯特定律,https://zhuanlan.zhihu.com/p/401155017,article,
为什么大环境在追求自律？这对每个人来说都是有必要的吗？,https://www.zhihu.com/answer/1799579834,answer,
【翻译】复杂的概念可能很难学习，部分原因是工作记忆容纳不下其组分,https://zhuanlan.zhihu.com/p/400919428,article,
【翻译】人们对实用知识的遗忘有多快？,https://zhuanlan.zhihu.com/p/400767650,article,
【翻译】间隔重复记忆卡片通常应聚焦于一个原子化单元,https://zhuanlan.zhihu.com/p/400053434,article,
高中生可以用anki作为系统的笔记归纳本吗（不考虑手机限制）?,https://www.zhihu.com/answer/2063035456,answer,
【翻译】助记文章可以提供对其内容的详细记忆，以换取 35-50% 的阅读时间开销,https://zhuanlan.zhihu.com/p/400056786,article,
supermemo 如何推迟一整个 folder 的元素？,https://www.zhihu.com/answer/2061774673,answer,
anki如何更改已经编辑好的牌组的模版?,https://www.zhihu.com/answer/2061757472,answer,
ANKI如何增加旗标数量？,https://www.zhihu.com/answer/2061741781,answer,
【翻译】人们似乎忘记了他们所读的大部分内容，而且他们大多没有注意到这一点,https://zhuanlan.zhihu.com/p/400001519,article,
【翻译】在间隔重复记忆系统中，优化的关键是复习环节及其内容的情感联系,https://zhuanlan.zhihu.com/p/399811533,article,
【翻译】间隔重复系统能力的限制因素是写出足够多的好卡片,https://zhuanlan.zhihu.com/p/399738674,article,
【翻译】在间隔重复记忆系统中，填空卡似乎比问答卡产生更少的理解,https://zhuanlan.zhihu.com/p/399548149,article,
【翻译】卡片必须明确说明他们所期望的答案的「形状」,https://zhuanlan.zhihu.com/p/399204959,article,
【翻译】间隔重复记忆卡片应该简洁,https://zhuanlan.zhihu.com/p/398801663,article,
【翻译】高质量的间隔重复记忆卡片最重要的属性是什么？,https://zhuanlan.zhihu.com/p/398094270,article,
【翻译】间隔重复记忆系统可用于加深概念理解,https://zhuanlan.zhihu.com/p/398045447,article,
【翻译】助记媒介赋予通常原子化的间隔重复记忆卡片以结构,https://zhuanlan.zhihu.com/p/397646854,article,
【翻译】间隔重复记忆系统使记忆成为一种选择,https://zhuanlan.zhihu.com/p/397582470,article,
【翻译】深刻的理解需要强烈的个人联系（也是其结果）,https://zhuanlan.zhihu.com/p/397575334,article,
想问各位知友，用anki买别人做好的卡牌资源OK吗，还是自己做比较好，但感觉自己做要耗费很多时间呀？,https://www.zhihu.com/answer/2045404097,answer,
【翻译】学习别人的间隔重复记忆卡片通常是无效的,https://zhuanlan.zhihu.com/p/397271029,article,
【翻译】写好间隔重复记忆卡片很难,https://zhuanlan.zhihu.com/p/397245681,article,
【翻译】传统的间隔重复记忆卡片是原子化的,https://zhuanlan.zhihu.com/p/397037269,article,
supermemo 18挖空做出来的答案范围太小怎么处理？,https://www.zhihu.com/answer/2042513265,answer,
有什么东方曲子的手机音游，求推荐？,https://www.zhihu.com/answer/2041572069,answer,
【翻译】单独的间隔重复记忆卡片是一种糟糕的交流媒介,https://zhuanlan.zhihu.com/p/396775375,article,
【随笔】间隔重复软件的两大进路,https://zhuanlan.zhihu.com/p/396445859,article,
艾宾浩斯记忆曲线有用吗？,https://www.zhihu.com/answer/2039464812,answer,
anki没有办法同步怎么办（已经按照它的提示去anki web了?,https://www.zhihu.com/answer/2039052911,answer,
anki安卓端不能和ipad端同步?,https://www.zhihu.com/answer/2037224515,answer,
词汇量高的人记单词更快、更牢吗？,https://www.zhihu.com/questions/476912324,question,
词汇量高的人记单词更快、更牢吗？,https://www.zhihu.com/questions/476912324,question,
穿越时间的文本,https://zhuanlan.zhihu.com/p/395283887,article,
我们如何才能开发出变革性的思想工具？,https://zhuanlan.zhihu.com/p/394795804,article,
如果我想用anki背专业课（文科）五本书现在开始编写卡片 考前（考研）能背完吗？,https://www.zhihu.com/answer/2026221278,answer,
K12 校外教育培训遇冷的情况下，那些在此行业的教师该何去何从呢？,https://www.zhihu.com/answer/2024260508,answer,
中办国办印发《关于进一步减轻义务教育阶段学生作业负担和校外培训负担的意见》，有哪些值得关注的信息？,https://www.zhihu.com/answer/2018441984,answer,
Anki电脑不能同步，显示“请使用“检查数据库"功能，然后再次同步“，但手机可以同步，这是什么原因？,https://www.zhihu.com/answer/2017620580,answer,
请问anki同步出现这样的情况怎么办？,https://www.zhihu.com/answer/2017616510,answer,
ankidroid和ankimobile之间的学习进度无法同步，请问是怎么回事，如何解决？,https://www.zhihu.com/answer/2008680964,answer,
为什么我的anki包下载完以后打开是没有anki那个选项    ？,https://www.zhihu.com/answer/2008668067,answer,
Anki 的账号可以保存原来的进度吗？,https://www.zhihu.com/answer/2005898142,answer,
如何看待anki白嫖党?,https://www.zhihu.com/answer/2004046417,answer,
为什么书本不起作用？,https://zhuanlan.zhihu.com/p/390507468,article,
如何看待自己的考研整理的 anki 卡组被白嫖?,https://www.zhihu.com/answer/1993535529,answer,
如何科学复习所学过的知识？,https://www.zhihu.com/answer/1988395479,answer,
SuperMemo 图表详解,https://zhuanlan.zhihu.com/p/387855573,article,
如何看待知识型直播，知识型直播会成为又一个新风口吗？,https://www.zhihu.com/answer/1980921842,answer,
supermemo如何行内显示数学公式？,https://www.zhihu.com/answer/1980594345,answer,
无聊,https://zhuanlan.zhihu.com/p/386603182,article,
让陈旧的学校系统继续存活的谣言,https://zhuanlan.zhihu.com/p/386372396,article,
怎么把自己制作好的anki牌组分享到ankiweb让其他人也能看到呢？,https://www.zhihu.com/answer/1976214090,answer,
如何评价秋之回忆6的女主之一嘉神川克罗艾？,https://www.zhihu.com/answer/1974772706,answer,
早熟悖论：早期教学可能会损害长期成长,https://zhuanlan.zhihu.com/p/385629349,article,
艾宾浩斯遗忘曲线到底怎么用?,https://www.zhihu.com/answer/1971195999,answer,
应试教育对人的生理和心理产生了什么影响？,https://www.zhihu.com/answer/1971097639,answer,
进入大厂之后，领导不怎么愿意带我，只希望我立马创造价值，该怎么办？,https://www.zhihu.com/answer/1962649449,answer,
被anki的参数设置绕晕了，我该如何用anki背考研专业课？,https://www.zhihu.com/answer/1957235611,answer,
为什么AnkiDroid没有切换账户这个功能？,https://www.zhihu.com/answer/1956156101,answer,
请问marginnote和anki的组合能否实现增量阅读？并且使用anki相对超期程筛选进行复习？,https://www.zhihu.com/answer/1956131449,answer,
supermemo中如何进行一卡多空的设置？,https://www.zhihu.com/answer/1955066929,answer,
在课堂上使用间隔重复软件的这七年,https://zhuanlan.zhihu.com/p/382699591,article,
现在普遍的「鸡娃」现象会不会促成我国下一代的综合素质（知识、学习能力、才艺）和竞争力远超发达国家？,https://www.zhihu.com/answer/1949447542,answer,
在课堂上使用间隔重复软件的第二年,https://zhuanlan.zhihu.com/p/382034464,article,
网络左壬近几年为什么会变成魔怔？,https://www.zhihu.com/answer/1947362224,answer,
中国翻译界泰斗许渊冲去世，享年 100 岁，他有哪些译文让你印象深刻？你能在许老身上学到哪些？,https://www.zhihu.com/answer/1945596987,answer,
如何在 SuperMemo 中复习/学习指定的folder/branch？,https://www.zhihu.com/answer/1945437975,answer,
Anki牌组参数该怎样设置，不会产生太多的刷卡压力？,https://www.zhihu.com/answer/1945096976,answer,
如何评价Galgame圈的@夜昧魔?,https://www.zhihu.com/answer/1942882559,answer,
个人能够怎样为教育资源更加平衡做贡献？,https://www.zhihu.com/answer/1938547694,answer,
在课堂上使用间隔重复软件的一年,https://zhuanlan.zhihu.com/p/380354533,article,
Educational empathy 教育同理心,https://zhuanlan.zhihu.com/p/379665183,article,
Anki 提示 Front template has a problem，怎么办呀？,https://www.zhihu.com/answer/1413571089,answer,
为什么把anki里的牌组全删了，anki占的内存还是那么多呢？,https://www.zhihu.com/answer/1693282768,answer,
Anki 提示空白卡片，但打开编辑，所有内容都有，这个是什么原因呀？,https://www.zhihu.com/answer/1845486966,answer,
anki 报错 anki doesn't support new timezone handing？,https://www.zhihu.com/answer/1848783063,answer,
在学习anki的时候发现自己做的很多图片都丢了，检查媒体的时候发现如图?,https://www.zhihu.com/answer/1930671678,answer,
如何评价哈尔滨工业大学(深圳)(HITSZ)？,https://www.zhihu.com/answer/1927800413,answer,
如何在 QQ 上快速检索自己创作的知乎内容？我写了个检索机器人。,https://zhuanlan.zhihu.com/p/377726671,article,
anki 卡片使用时保持编辑时的排版？,https://www.zhihu.com/answer/1915515367,answer,
中国年轻人躺平会如何收场？,https://www.zhihu.com/answer/1914122526,answer,
折腾记录：M1 芯片的 MacBook，怎样运行 Win10？,https://zhuanlan.zhihu.com/p/376462606,article,
逼着年轻人选择「躺平」的到底是什么？,https://www.zhihu.com/answer/1912636717,answer,
在线教育或将大裁员，如何看待这次堪称行业生死转折点的史上最大裁员?,https://www.zhihu.com/answer/1910373218,answer,
间隔重复在课堂上是行不通的,https://zhuanlan.zhihu.com/p/375536775,article,
0 Content 目录《间隔重复的历史》,https://zhuanlan.zhihu.com/p/375379522,article,
SuperMemo软件如何使用？,https://www.zhihu.com/answer/1901450425,answer,
【硬核】参数模拟(续)——从“诡异”的曲线上扬到“有毒”的记忆,https://zhuanlan.zhihu.com/p/79015431,article,
渐进学习专栏导读,https://zhuanlan.zhihu.com/p/374403541,article,
【硬核】参数模拟——每天 40 张新卡片，365 天后我要复习多少？,https://zhuanlan.zhihu.com/p/78398403,article,
QuickerMemo：以思考的速度渐进学习,https://zhuanlan.zhihu.com/p/374212495,article,
如何看待福建明确今年高考结束后不公布试题和答案，严禁宣传炒作高考状元和高考升学率？,https://www.zhihu.com/answer/1896626803,answer,
anki导入过程中出现必须启用A2调度器怎么办？,https://www.zhihu.com/answer/1896450447,answer,
怎么用安卓Anki设置不同卡组的不同复习计划？比如选择题卡组一天20个新词；问答题卡组一天2个？,https://www.zhihu.com/answer/1895129047,answer,
SuperMemo怎么设置能实现突击期末的需求？,https://www.zhihu.com/answer/1892384166,answer,
简评 Dendro：极简渐进阅读 web 应用,https://zhuanlan.zhihu.com/p/373005210,article,
渐进阅读的最小定义,https://zhuanlan.zhihu.com/p/372072085,article,
Anki 怎么用高效？,https://www.zhihu.com/answer/1882739659,answer,
如何看待我国 2020 年出生人口为 1200 万人，处于较低生育水平？这一数字意味着什么？,https://www.zhihu.com/answer/1881914623,answer,
传统学习究竟怎样对接 Anki 制卡？也谈渐进学习。,https://zhuanlan.zhihu.com/p/56048163,article,
如何评价RemNote这款笔记应用，值得一试吗？,https://www.zhihu.com/answer/1872145962,answer,
间隔重复中的简化与冗余,https://zhuanlan.zhihu.com/p/283017134,article,
SuperMemo 的三大模块，解决记忆的三大问题！,https://zhuanlan.zhihu.com/p/369881954,article,
系统化思维角度的记忆研究,https://zhuanlan.zhihu.com/p/357938638,article,
如何单独修改anki翻转生成的卡片模版?,https://www.zhihu.com/answer/1867850894,answer,
Anki 如何筛选出「有注释」的卡片？,https://www.zhihu.com/answer/1867827447,answer,
民主学校/在家上学/非学校教育,https://zhuanlan.zhihu.com/p/369568521,article,
如何看待伊能静认为「孩子不需要赢在起跑线上，家长只要帮他们赢得可以投以热情的一生」就够了？,https://www.zhihu.com/answer/1865247316,answer,
做全优学生的危险,https://zhuanlan.zhihu.com/p/369391813,article,
如何看待哈工大深圳禁止请假实习？,https://www.zhihu.com/questions/455294201,question,
Teacher 老师,https://zhuanlan.zhihu.com/p/369291348,article,
好成绩和快乐的童年只能选一个，你会怎么选？小朋友应该为了成绩放弃童年吗？,https://www.zhihu.com/answer/1859397103,answer,
【翻译】为什么任何笔记系统在 SuperMemo 面前都是垃圾 (如 OneNote 和 Evernote),https://zhuanlan.zhihu.com/p/352176551,article,
anki 报错 anki doesn't support new timezone handing？,https://www.zhihu.com/answer/1848783063,answer,
SuperMemo 算法原理是怎么样的，代码如何实现的？,https://www.zhihu.com/answer/1847718575,answer,
Anki 算法与术语浅谈,https://zhuanlan.zhihu.com/p/42921090,article,
Anki 提示空白卡片，但打开编辑，所有内容都有，这个是什么原因呀？,https://www.zhihu.com/answer/1845486966,answer,
请问anki统计表中的哪一项是代表未读的呢?,https://www.zhihu.com/answer/1845292160,answer,
Modern schooling is like Soviet economy 现代学校教育就像苏联经济,https://zhuanlan.zhihu.com/p/365716946,article,
如何看待哈工大深圳禁止请假实习？,https://www.zhihu.com/answer/1841787052,answer,
如何看待哈工大深圳禁止请假实习？,https://www.zhihu.com/answer/1841787052,answer,
如何看待哈工大深圳禁止请假实习？,https://www.zhihu.com/questions/455294201,question,
Modern schooling is like Soviet economy 现代学校教育就像苏联经济,https://zhuanlan.zhihu.com/p/365716946,article,
【分享】Anki 哈工深计科牌组,https://zhuanlan.zhihu.com/p/362498928,article,
【补档】关于用Anki学习高中政史地的若干建议,https://zhuanlan.zhihu.com/p/59322376,article,
「公告」Anki 高考牌组解密工作圆满完成,https://zhuanlan.zhihu.com/p/269808977,article,
如何评价央行 4 月 15 日发表《关于我国人口转型的认识和应对之策》的工作论文？哪些信息值得关注？,https://www.zhihu.com/answer/1837093349,answer,
【分享】简单 Anki 英语之高考考纲单词,https://zhuanlan.zhihu.com/p/37969231,article,
苹果 Anki 备忘录初始难度系数 250% 什么意思？,https://www.zhihu.com/answer/1836330509,answer,
Ankidroid 2.14.6 的筛选牌组只能查找未学习过的新卡片，有办法查找学习过的卡片吗？,https://www.zhihu.com/answer/1836304795,answer,
渐进阅读：卡片刷不完？拥抱优先级！,https://zhuanlan.zhihu.com/p/364351955,article,
如何科学地复习所学过的知识？,https://www.zhihu.com/answer/1832030452,answer,
Utopian visions: Education via-a-vis North Korea 乌托邦的愿景：教育与 NK 对比,https://zhuanlan.zhihu.com/p/361530732,article,
Anki如何加入高考/考研等考前日期的倒计时？,https://www.zhihu.com/answer/1828543708,answer,
Glorification of schooling 学校教育的美化,https://zhuanlan.zhihu.com/p/362170750,article,
Direct instruction 直接教学法,https://zhuanlan.zhihu.com/p/360820529,article,
HITszQAbot 迁移记录,https://zhuanlan.zhihu.com/p/363342119,article,
HITszQAbot 迁移记录,https://zhuanlan.zhihu.com/p/363342119,article,
教学的连贯与干扰问题,https://zhuanlan.zhihu.com/p/359061669,article,
Passive schooling 被动的学校教育,https://zhuanlan.zhihu.com/p/359037513,article,
我怎样才能外在地激励孩子?,https://zhuanlan.zhihu.com/p/357893386,article,
重庆男子对 3 岁女儿实行「打击教育」，责骂「笨，什么都学不会」来激将女儿发奋，如何看待这种教育方式？,https://www.zhihu.com/answer/1822707507,answer,
Anki父卡组的到期和新建下面的数字有没有办法隐藏？,https://www.zhihu.com/answer/1821035692,answer,
【分享】Anki 哈工深计科牌组,https://zhuanlan.zhihu.com/p/362498928,article,
Hole in the wall 凿壁上网,https://zhuanlan.zhihu.com/p/362420803,article,
Glorification of schooling 学校教育的美化,https://zhuanlan.zhihu.com/p/362170750,article,
教育部称小学生每天应睡足 10 小时，初中生应达 9 小时，各方应该如何保障落实？,https://www.zhihu.com/answer/1814492857,answer,
强制教育的好处,https://zhuanlan.zhihu.com/p/352290343,article,
Coercion in learning 学习中的强迫,https://zhuanlan.zhihu.com/p/351872034,article,
Compulsory schooling 强制学校教育,https://zhuanlan.zhihu.com/p/351869026,article,
关于教育自由和信息自由,https://zhuanlan.zhihu.com/p/351348580,article,
SuperMemo 问答卡片，怎样像 Anki （不点掌握就可）一样短时间内重复出现？,https://www.zhihu.com/answer/1812709388,answer,
Anki 导入别人的牌组后如何清除别人的学习记录？,https://www.zhihu.com/answer/1812676919,answer,
Utopian visions: Education via-a-vis North Korea 乌托邦的愿景：教育与 NK 对比,https://zhuanlan.zhihu.com/p/361530732,article,
我有生之年能看到衡水模式在中国消失吗？,https://www.zhihu.com/answer/1810330645,answer,
Anki 志愿版的这个是什么意思呀？,https://www.zhihu.com/answer/1810308232,answer,
作为学生，如何抵制、摆脱“衡水模式”的祸害？,https://www.zhihu.com/answer/1779155058,answer,
Curse of knowledge 知识的诅咒,https://zhuanlan.zhihu.com/p/361350076,article,
中国的高中教育和本科教育完全是割裂的，有没有一个高中生和大学生交流的平台（如果没有，我想做一个）？,https://www.zhihu.com/answer/1807698905,answer,
crypko的利用人工智能生成二次元角色的新技术对相关领域的原画师的发展将有何影响？,https://www.zhihu.com/answer/1806536025,answer,
有哪些科学的记忆方法可以提升学习成绩呢？,https://www.zhihu.com/answer/1806471739,answer,
Direct instruction 直接教学法,https://zhuanlan.zhihu.com/p/360820529,article,
如何结合遗忘曲线记单词？,https://www.zhihu.com/answer/1804949616,answer,
Cramming 死记硬背,https://zhuanlan.zhihu.com/p/360416156,article,
渐进阅读概念组最佳实践,https://zhuanlan.zhihu.com/p/360355624,article,
为什么会有人考不上一本？,https://www.zhihu.com/answer/1801844690,answer,
陈述性学习与程序性学习,https://zhuanlan.zhihu.com/p/360120302,article,
你心目中「成功」的标准是什么？人一定要追求成功吗？,https://www.zhihu.com/answer/1799840154,answer,
流言：学生天生懒惰，不喜欢学习,https://zhuanlan.zhihu.com/p/348663583,article,
课堂教学的内在问题,https://zhuanlan.zhihu.com/p/347510057,article,
Decoding failure penalty 解码失败惩罚,https://zhuanlan.zhihu.com/p/359921139,article,
为什么大环境在追求自律？这对每个人来说都是有必要的吗？,https://www.zhihu.com/answer/1799579834,answer,
War of the networks 神经网络战争,https://zhuanlan.zhihu.com/p/359658715,article,
Harms of self-discipline 自律的危害,https://zhuanlan.zhihu.com/p/359603059,article,
教育改革怎样可以不花钱？,https://zhuanlan.zhihu.com/p/347501064,article,
老汤比喻,https://zhuanlan.zhihu.com/p/306014650,article,
supermemo的优先级如何合理的调整?,https://www.zhihu.com/answer/1796163729,answer,
一加9系列正式搭载Color OS，是否比之前更值得购买？,https://www.zhihu.com/answer/1795175791,answer,
零基础读懂马克思要先看什么书?,https://www.zhihu.com/answer/1794366059,answer,
普通人怎么才会像打游戏一样爱上学习？,https://www.zhihu.com/answer/1578551193,answer,
教学的连贯与干扰问题,https://zhuanlan.zhihu.com/p/359061669,article,
Passive schooling 被动的学校教育,https://zhuanlan.zhihu.com/p/359037513,article,
学习的基本规律,https://zhuanlan.zhihu.com/p/273225977,article,
自由学习,https://zhuanlan.zhihu.com/p/272543239,article,
拼图游戏比喻,https://zhuanlan.zhihu.com/p/271646965,article,
知识结晶,https://zhuanlan.zhihu.com/p/268536400,article,
教育解放宣言,https://zhuanlan.zhihu.com/p/268258730,article,
Anki 什么时候优惠呀？,https://www.zhihu.com/answer/1791715034,answer,
零和游戏花招,https://zhuanlan.zhihu.com/p/268248187,article,
语义学习,https://zhuanlan.zhihu.com/p/266922623,article,
在使用Anki过程中有哪些拆卡经验值得分享？,https://www.zhihu.com/answer/1790720315,answer,
如何看待六部门印发指南「义务教育阶段不分重点班快慢班」？会带来哪些影响？,https://www.zhihu.com/answer/1789118480,answer,
Anki。iOS 手机端使用?,https://www.zhihu.com/answer/1788784366,answer,
儿童应有投票权,https://zhuanlan.zhihu.com/p/268255239,article,
我们需要老师吗？,https://zhuanlan.zhihu.com/p/259398622,article,
系统化思维角度的记忆研究,https://zhuanlan.zhihu.com/p/357938638,article,
如何看待西北工业大学学霸的作息日程表，学霸都是如何安排自己的作息呢？,https://www.zhihu.com/answer/1785525340,answer,
我怎样才能外在地激励孩子?,https://zhuanlan.zhihu.com/p/357893386,article,
磨难就是荣耀?,https://zhuanlan.zhihu.com/p/253184005,article,
教育工厂模式,https://zhuanlan.zhihu.com/p/252300144,article,
你认同“衡水中学”的教育模式吗？,https://www.zhihu.com/answer/1785155554,answer,
江苏新高考考生如何学好化学？,https://www.zhihu.com/answer/1785130413,answer,
为什么说 Anki「牌组」不适合具体主题？,https://www.zhihu.com/answer/1782694573,answer,
普鲁士教育模式,https://zhuanlan.zhihu.com/p/251148900,article,
教育改革,https://zhuanlan.zhihu.com/p/242815901,article,
学习内驱力的优化,https://zhuanlan.zhihu.com/p/357209357,article,
21 Mountain climb metaphor 爬山类比,https://zhuanlan.zhihu.com/p/66683201,article,
20 Why kids hate school? 为什么孩子们讨厌学校？,https://zhuanlan.zhihu.com/p/70779863,article,
19 Childhood passions 童年的激情,https://zhuanlan.zhihu.com/p/73348892,article,
18 Stress resilience 压力适应力,https://zhuanlan.zhihu.com/p/73207325,article,
17 Daycare misery 幼儿园的苦难,https://zhuanlan.zhihu.com/p/73366114,article,
作为学生，如何抵制、摆脱“衡水模式”的祸害？,https://www.zhihu.com/answer/1779155058,answer,
大脑算法保护现实的模型,https://zhuanlan.zhihu.com/p/356977535,article,
16 Childhood amnesia 童年失忆症（16.6-16.11+摘要）,https://zhuanlan.zhihu.com/p/72794136,article,
16 Childhood amnesia 童年失忆症（16.1-16.5）,https://zhuanlan.zhihu.com/p/72792752,article,
15 How baby brain does not work 婴儿的大脑怎样不起作用,https://zhuanlan.zhihu.com/p/72589385,article,
14 Baby management 婴儿管理,https://zhuanlan.zhihu.com/p/72498488,article,
13 Brain evolution 大脑进化,https://zhuanlan.zhihu.com/p/67313970,article,
12 Natural creativity cycle 自然创造力周期,https://zhuanlan.zhihu.com/p/68262875,article,
11 Optimum push zone 最佳推动区,https://zhuanlan.zhihu.com/p/67694020,article,
10 Why schools fail 为什么学校会失败,https://zhuanlan.zhihu.com/p/65338937,article,
全国政协委员唐江澎表示：「孩子只有分数赢不了未来的大考」，你觉得呢？,https://www.zhihu.com/answer/1770370189,answer,
Anki 复习数据清洗与分析(附源码和数据),https://zhuanlan.zhihu.com/p/337200754,article,
Anki 制卡对复习记忆效率的影响分析,https://zhuanlan.zhihu.com/p/346463057,article,
从 Duolingo 机器学习算法说起，浅析记忆数据的特征工程,https://zhuanlan.zhihu.com/p/345172257,article,
从 Anki 算法说起，探索记忆的状态空间,https://zhuanlan.zhihu.com/p/344716900,article,
复习算法发展的两大方向,https://zhuanlan.zhihu.com/p/343419228,article,
从一个记忆伪概念，到记忆研究的难题。,https://zhuanlan.zhihu.com/p/343115387,article,
遗忘机制,https://zhuanlan.zhihu.com/p/265081034,article,
干扰,https://zhuanlan.zhihu.com/p/269974053,article,
泛化与概念化（Generalization vs Conceptualization）,https://zhuanlan.zhihu.com/p/264989664,article,
一致性与连贯性(Consistency vs Coherence),https://zhuanlan.zhihu.com/p/264327134,article,
16 记忆研究摘要,https://zhuanlan.zhihu.com/p/164968911,article,
艾宾浩斯遗忘曲线的错误,https://zhuanlan.zhihu.com/p/156672476,article,
记忆的两个组成成分|浓缩通俗版,https://zhuanlan.zhihu.com/p/179076885,article,
记忆稳定性的两个组成成分,https://zhuanlan.zhihu.com/p/268782211,article,
记忆复杂性,https://zhuanlan.zhihu.com/p/304800091,article,
间隔效应,https://zhuanlan.zhihu.com/p/279166945,article,
记忆的神经统计模型,https://zhuanlan.zhihu.com/p/277483881,article,
遗忘曲线,https://zhuanlan.zhihu.com/p/274352214,article,
9 Toxic memory 毒性记忆,https://zhuanlan.zhihu.com/p/67390960,article,
8 Education counteracts evolution 教育抵消进化,https://zhuanlan.zhihu.com/p/66279009,article,
Goodness of knowledge 知识的好(下),https://zhuanlan.zhihu.com/p/355224397,article,
Goodness of knowledge 知识的好(上),https://zhuanlan.zhihu.com/p/355214326,article,
7 Learn drive vs. learned helplessness 学习内驱力与习得性无助,https://zhuanlan.zhihu.com/p/65899656,article,
如何搜索 AnkiWeb 上分享的中文牌组？,https://zhuanlan.zhihu.com/p/355135560,article,
对于陪伴这么长时间的知乎要赴美上市了，你有什么想对它说的?,https://www.zhihu.com/answer/1764850861,answer,
电子游戏比老师好,https://zhuanlan.zhihu.com/p/354952708,article,
06 1989: SuperMemo 适应用户记忆(下),https://zhuanlan.zhihu.com/p/213170503,article,
6 Learn drive and reward 学习内驱力和奖励（6.22-6.25+摘要）,https://zhuanlan.zhihu.com/p/64573052,article,
6 Learn drive and reward 学习内驱力和奖励（6.17-6.21）,https://zhuanlan.zhihu.com/p/64573017,article,
06 1989: SuperMemo 适应用户记忆(中),https://zhuanlan.zhihu.com/p/207094393,article,
6 Learn drive and reward 学习内驱力和奖励（6.11-6.16）,https://zhuanlan.zhihu.com/p/64572381,article,
如何看待全国政协委员建议全面取消小学生家庭作业，推迟小学放学时间？,https://www.zhihu.com/answer/1762733390,answer,
有没有一款类似Anki有记忆曲线但是词库是实体书的软件？,https://www.zhihu.com/answer/1762603920,answer,
anki导入之后再怎么复习？,https://www.zhihu.com/answer/1762599653,answer,
06 1989: SuperMemo 适应用户记忆(上),https://zhuanlan.zhihu.com/p/205600711,article,
6 Learn drive and reward 学习内驱力和奖励（6.1-6.10）,https://zhuanlan.zhihu.com/p/64571517,article,
05 1988：记忆的两个组成成分,https://zhuanlan.zhihu.com/p/99505568,article,
5 Effect of schooling on the learn drive 学校对学习内驱力的影响,https://zhuanlan.zhihu.com/p/52990626,article,
4 Learn drive 学习内驱力,https://zhuanlan.zhihu.com/p/52990549,article,
04 SuperMemo 1.0: 日志 (1987),https://zhuanlan.zhihu.com/p/97887756,article,
03 1986：SuperMemo 的第一步,https://zhuanlan.zhihu.com/p/96603060,article,
3 Brain science 脑科学,https://zhuanlan.zhihu.com/p/52990495,article,
02 1985：SuperMemo 的诞生,https://zhuanlan.zhihu.com/p/95111167,article,
2 Motto 箴言,https://zhuanlan.zhihu.com/p/52990307,article,
人大代表建议将幼儿园纳入义务教育，你认为是否有必要？难点在哪里？,https://www.zhihu.com/answer/1759225845,answer,
01 Introduction 前言,https://zhuanlan.zhihu.com/p/92640205,article,
1 Introduction 前言,https://zhuanlan.zhihu.com/p/52805512,article,
anki的时间间隔?,https://www.zhihu.com/answer/1758816782,answer,
How school can ruin a life 学校是如何毁了一个人的生活,https://zhuanlan.zhihu.com/p/354000728,article,
Futility of schooling 学校教育的徒劳,https://zhuanlan.zhihu.com/p/353878177,article,
如何看待天津初中男生做引体向上平均值不到两个？何原因导致该结果出现？素质教育是否应加强体育方面的管控？,https://www.zhihu.com/answer/1756703387,answer,
Asemantic curriculum 无语义课程,https://zhuanlan.zhihu.com/p/353614809,article,
自我导向/自定进度/自学,https://zhuanlan.zhihu.com/p/353404375,article,
anki的卡片在复习期如何复习最有效率？,https://www.zhihu.com/answer/1751317261,answer,
迷思：我们不需要知识，只需要一个知识索引,https://zhuanlan.zhihu.com/p/353065982,article,
anki到底如何批量导入问答题？,https://www.zhihu.com/answer/1749995040,answer,
【翻译】渐进摘录处理的原因(I)：更好的元记忆判断,https://zhuanlan.zhihu.com/p/352763959,article,
Anki只调一个牌组的正反面，有办法实现吗？,https://www.zhihu.com/answer/1747987205,answer,
anki找不到网址字段，怎么解决?,https://www.zhihu.com/answer/1747975814,answer,
【翻译】在渐进阅读中，创建摘录卡片后该做什么？,https://zhuanlan.zhihu.com/p/352611888,article,
哈工深小学期是什么情况？,https://www.zhihu.com/answer/1745966730,answer,
如何评价Piotr Wozniak博士？,https://www.zhihu.com/answer/1745941223,answer,
ankiconnect自动取词后如何自动添加至anki?,https://www.zhihu.com/answer/1745926825,answer,
用ipad上的kindle软件看英文书，如何将生词导入Anki？,https://www.zhihu.com/answer/1745919867,answer,
anki制作完卡片后正面移动清除了但反面不是自动清除，还有原来输入的答案，这是怎么回事啊？,https://www.zhihu.com/answer/1745915935,answer,
anki可以直接显示全部的卡片吗？,https://www.zhihu.com/answer/1745911354,answer,
强制教育的好处,https://zhuanlan.zhihu.com/p/352290343,article,
意外发现成绩还算不错的女儿寒假作业居然直接抄答案，我该怎么办？,https://www.zhihu.com/answer/1744168338,answer,
【翻译】为什么任何笔记系统在 SuperMemo 面前都是垃圾 (如 OneNote 和 Evernote),https://zhuanlan.zhihu.com/p/352176551,article,
误区：睡前学习是最好的,https://zhuanlan.zhihu.com/p/352086974,article,
误区：在第一天就多次复习你的材料,https://zhuanlan.zhihu.com/p/352083787,article,
Coercion in learning 学习中的强迫,https://zhuanlan.zhihu.com/p/351872034,article,
Compulsory schooling 强制学校教育,https://zhuanlan.zhihu.com/p/351869026,article,
如何解决任何问题？,https://zhuanlan.zhihu.com/p/351779186,article,
我爱上了一个P社玩家，能不能推荐几本书，来弥补我和他巨大的知识差距?,https://www.zhihu.com/answer/1739267224,answer,
SuperMemo 自动备份,https://zhuanlan.zhihu.com/p/351606263,article,
关于教育自由和信息自由,https://zhuanlan.zhihu.com/p/351348580,article,
我们能为干翻衡水模式做些什么？,https://www.zhihu.com/answer/1735687831,answer,
Anki模版制作：请问如何使用js语言（Javascript）调用field数据？,https://www.zhihu.com/answer/1734777386,answer,
我是个高中生 有什么可以对高中化学学习有帮助的app？,https://www.zhihu.com/answer/1732780084,answer,
高一，发现supermemo增量阅读针对的主要是电子设备上文章阅读。这种情况是用anki还是用sm呢？,https://www.zhihu.com/answer/1729662986,answer,
如何评价Anki插件Auto Ease Factor?,https://www.zhihu.com/answer/1729652349,answer,
理性拖延,https://zhuanlan.zhihu.com/p/350725699,article,
动画《无职转生》的争议很大，本身质量很差吗？,https://www.zhihu.com/answer/1728263248,answer,
为什么现在《鬼谷八荒》的热度高于《戴森球计划》？,https://www.zhihu.com/answer/1725527986,answer,
如何看待网传衡水二中要求「大年三十晚上开班会」「大年初一早上五点视频早读」，是否涉嫌侵犯学生权益？,https://www.zhihu.com/answer/1725492862,answer,
《无职转生》真的有那么烂吗？,https://www.zhihu.com/answer/1724740252,answer,
国内安卓应用市场为何搜不到 Ankidroid， 只能搜到 anki 志愿版?,https://www.zhihu.com/answer/1723107665,answer,
Tree growth metaphor 树木生长比喻,https://zhuanlan.zhihu.com/p/349822700,article,
我在电脑端编辑好了anki卡牌，然后在手机同步完之后怎么是空的，是不是还有一个保存的步骤啊，求救？！？,https://www.zhihu.com/answer/1718414171,answer,
Missile metaphor 导弹比喻,https://zhuanlan.zhihu.com/p/349684538,article,
为何成功人士当中很少看到高考状元的踪影？,https://www.zhihu.com/answer/1717703111,answer,
涌现 Emergence,https://zhuanlan.zhihu.com/p/349290940,article,
如果不考虑物质方面的因素，你觉得教育的形式应该是怎样的，它的真正目的又是什么？,https://www.zhihu.com/answer/1714910279,answer,
流言：学生天生懒惰，不喜欢学习,https://zhuanlan.zhihu.com/p/348663583,article,
如何看待教育部「中小学生不得带手机入校，学校不得用手机布置作业」这一通知？,https://www.zhihu.com/answer/1709646861,answer,
怎么在anki牌组中导入图片？,https://www.zhihu.com/answer/1702965142,answer,
Anki卡片怎么改变单张卡的排版？,https://www.zhihu.com/answer/1702960535,answer,
课堂教学的内在问题,https://zhuanlan.zhihu.com/p/347510057,article,
教育改革怎样可以不花钱？,https://zhuanlan.zhihu.com/p/347501064,article,
如何看待衡水二中学生反映学校寒假期间「要求高一学生早五晚十学习，开摄像头监控」，是否涉嫌侵犯学生权益?,https://www.zhihu.com/answer/1701028559,answer,
anki的设置问题?,https://www.zhihu.com/answer/1696007748,answer,
从国产 Anki 类软件说起，谈谈教育技术和内卷（暴论）,https://zhuanlan.zhihu.com/p/346567385,article,
简单 Anki 高考制卡心得,https://zhuanlan.zhihu.com/p/35390139,article,
Anki 制卡对复习记忆效率的影响分析,https://zhuanlan.zhihu.com/p/346463057,article,
为什么把anki里的牌组全删了，anki占的内存还是那么多呢？,https://www.zhihu.com/answer/1693282768,answer,
有什么好的隐私保护软件？,https://www.zhihu.com/answer/1687469977,answer,
从 Duolingo 机器学习算法说起，浅析记忆数据的特征工程,https://zhuanlan.zhihu.com/p/345172257,article,
你因为某部Galgame而做出过什么行动吗？,https://www.zhihu.com/answer/1681103569,answer,
艾宾浩斯记忆曲线科不科学？,https://www.zhihu.com/answer/1680868222,answer,
从 Anki 算法说起，探索记忆的状态空间,https://zhuanlan.zhihu.com/p/344716900,article,
Anki怎么样才能给别人分享自己做好的卡牌?,https://www.zhihu.com/answer/1678590374,answer,
如何看待2020年哈工大（深圳）一共只招了1300多名本科生，而单计算机学院就招了500多名本科生？,https://www.zhihu.com/answer/1672960316,answer,
利用艾宾浩斯记忆曲线多久能背完考研单词，具体怎么做？,https://www.zhihu.com/answer/1672255607,answer,
复习算法发展的两大方向,https://zhuanlan.zhihu.com/p/343419228,article,
从一个记忆伪概念，到记忆研究的难题。,https://zhuanlan.zhihu.com/p/343115387,article,
2020 年最后一天，你想对谁道歉？,https://www.zhihu.com/answer/1655182720,answer,
写在2021之前——一篇自言自语,https://zhuanlan.zhihu.com/p/337958100,article,
Anki 复习数据清洗与分析(附源码和数据),https://zhuanlan.zhihu.com/p/337200754,article,
到目前为止，你看过哪些可以称为「顶级纪录片」的纪录片？,https://www.zhihu.com/answer/1614199425,answer,
【翻译】示范：我的渐进阅读工作流程,https://zhuanlan.zhihu.com/p/322673517,article,
【翻译】SuperMemo 中渐进阅读的意义：第二部分,https://zhuanlan.zhihu.com/p/322584755,article,
【翻译】SuperMemo 中渐进阅读的意义：第一部分,https://zhuanlan.zhihu.com/p/322497441,article,
渐进阅读材料导入与预处理,https://zhuanlan.zhihu.com/p/321701995,article,
20 条知识表述规则（20 周年版）,https://zhuanlan.zhihu.com/p/269997143,article,
基于主动回忆的学习中的知识结构与表述,https://zhuanlan.zhihu.com/p/297790034,article,
anki适合高中生吗？,https://www.zhihu.com/answer/1602082278,answer,
误区：你需要每天使用 SuperMemo 学习,https://zhuanlan.zhihu.com/p/319611234,article,
渐进阅读懒人样式,https://zhuanlan.zhihu.com/p/318653942,article,
如何看待B站安达与岛村下架？,https://www.zhihu.com/answer/1599210155,answer,
误区：SuperMemo 的重复会浪费太多时间,https://zhuanlan.zhihu.com/p/315758950,article,
如何评价哈工大学生欲举报宿管阿姨感恩节送巧克力，称「作为宿舍辅导员，宣传这种西方节日，非常不妥」？,https://www.zhihu.com/answer/1597281319,answer,
渐进阅读基本概念与操作介绍,https://zhuanlan.zhihu.com/p/313684185,article,
渐进阅读的必然性,https://zhuanlan.zhihu.com/p/313020639,article,
艾宾浩斯遗忘曲线怎么用？,https://www.zhihu.com/answer/1595154225,answer,
除了考高分上好大学，学习到底是为了什么?,https://www.zhihu.com/answer/1595115995,answer,
迷信：记忆是不需要的,https://zhuanlan.zhihu.com/p/311666201,article,
为什么感觉记忆的时候第一次记好了会记得很牢？,https://www.zhihu.com/answer/1585216108,answer,
迷信：每个人的遗忘速度相同,https://zhuanlan.zhihu.com/p/310377557,article,
如果在知乎发帖可以加经验，你会灌水吗？,https://www.zhihu.com/questions/431834403,question,
如何看待 2020 年 10 月内测版的知乎盐值体系？对此你有什么想法？,https://www.zhihu.com/answer/1593152650,answer,
同时阅读上百篇文章？渐进阅读之程序员视角(IRAPP),https://zhuanlan.zhihu.com/p/307996163,article,
同时阅读上百篇文章？渐进阅读之程序员视角(IRAPP),https://zhuanlan.zhihu.com/p/307996163,article,
难点卡片(Leech),https://zhuanlan.zhihu.com/p/307602868,article,
如何看待「中小学生减负、大学生加压」的建议？这一建议能扭转「玩命的中学、快乐的大学」现象吗？,https://www.zhihu.com/answer/1589553387,answer,
老汤比喻,https://zhuanlan.zhihu.com/p/306014650,article,
间隔重复 (spaced repetition),https://zhuanlan.zhihu.com/p/305651556,article,
如何评价国产百合Gal《夜永·Eternal Love》?,https://www.zhihu.com/answer/1587941934,answer,
记忆复杂性,https://zhuanlan.zhihu.com/p/304800091,article,
概念计算,https://zhuanlan.zhihu.com/p/304193622,article,
anki无法导入牌组?,https://www.zhihu.com/answer/1586190768,answer,
彼得 · 沃兹尼亚克,https://zhuanlan.zhihu.com/p/303204832,article,
为什么感觉记忆的时候第一次记好了会记得很牢？,https://www.zhihu.com/answer/1585216108,answer,
Windows的anki有白板功能吗？,https://www.zhihu.com/answer/1583224379,answer,
学习不好要怎么复习？,https://www.zhihu.com/answer/1582392918,answer,
如何可以快速的记忆自己需要记住的内容？,https://www.zhihu.com/answer/1582343122,answer,
请问在anki中如何只复习重复数小于5的卡片？,https://www.zhihu.com/answer/1582313688,answer,
如何看待上海大学一大二学生于宿舍楼自杀？,https://www.zhihu.com/answer/1580602551,answer,
基于主动回忆的学习中的知识结构与表述,https://zhuanlan.zhihu.com/p/297790034,article,
普通人怎么才会像打游戏一样爱上学习？,https://www.zhihu.com/answer/1578551193,answer,
无语义学习,https://zhuanlan.zhihu.com/p/295053968,article,
语义框架,https://zhuanlan.zhihu.com/p/295032009,article,
艾宾浩斯遗忘曲线表到后面(一个月左右)每天要复习的东西起码得有五六个，然后每天又新学了，这不累赘吗？,https://www.zhihu.com/answer/1575130559,answer,
如何看待教育局做学校满意度调查，老师向家长发标准答案？暴露了哪些问题？,https://www.zhihu.com/answer/1574263254,answer,
高中生物有哪些知识点精炼到位的口袋书教辅？,https://www.zhihu.com/answer/1573872415,answer,
人的一生到底该追求什么？,https://www.zhihu.com/answer/1572281625,answer,
量子物理学家用 Anki 重新发现渐进阅读,https://zhuanlan.zhihu.com/p/289631499,article,
在哈尔滨工业大学（深圳）里就餐是一种怎样的体验？有什么推荐的食堂和美食？,https://www.zhihu.com/answer/1571914895,answer,
高一生物必修一 满分100 我30多，应该怎样快速提分？,https://www.zhihu.com/answer/1571897630,answer,
间隔效应的结构与分子机理,https://zhuanlan.zhihu.com/p/288609114,article,
请问anki记忆难点的功能是什么？卡片暂停后还能恢复吗？,https://www.zhihu.com/answer/1571659270,answer,
Anki 中这个card counts 中的各个数据什么意思，如和查看我的进度啊?,https://www.zhihu.com/answer/1570909440,answer,
高中化学你怎么学好的？,https://www.zhihu.com/answer/1570492377,answer,
用iPad制作anki卡片，如何分一级标题，二级标题?,https://www.zhihu.com/answer/1570400199,answer,
高中生因写作业时间长，没有多的时间复习巩固，导致作业不会写且写的更慢的恶性循环该如何解决?,https://www.zhihu.com/answer/1568731419,answer,
有没有背成语解释的APP？最好是应用算法那种，比如艾宾浩斯遗忘曲线，帮助记忆?,https://www.zhihu.com/answer/1568687613,answer,
间隔重复中的简化与冗余,https://zhuanlan.zhihu.com/p/283017134,article,
不要在没有理解之前就去记忆,https://zhuanlan.zhihu.com/p/281085595,article,
在 Anki 制作 2.9 万张卡片，复习 33 万次之后，我转用了 SuperMemo,https://zhuanlan.zhihu.com/p/279553703,article,
如何设置anki复习间隔最合理？,https://www.zhihu.com/answer/1564939676,answer,
间隔效应,https://zhuanlan.zhihu.com/p/279166945,article,
记忆的神经统计模型,https://zhuanlan.zhihu.com/p/277483881,article,
如何用一句话证明你是程序猿？,https://www.zhihu.com/answer/1562138866,answer,
通用描述符,https://zhuanlan.zhihu.com/p/274891979,article,
如何快速背诵知识点？,https://www.zhihu.com/answer/1560035825,answer,
anki中非一次性导入的知识包如果第二天覆盖这个内容的话昨天看的知识点的复习进度还在吗？,https://www.zhihu.com/answer/1560031363,answer,
遗忘曲线,https://zhuanlan.zhihu.com/p/274352214,article,
anki背单词，参数怎么调整？,https://www.zhihu.com/answer/1558840955,answer,
学习的基本规律,https://zhuanlan.zhihu.com/p/273225977,article,
anki隐藏卡片是什么意思呢？,https://www.zhihu.com/answer/1557348671,answer,
论老鼠比受过学校教育的人更优越,https://zhuanlan.zhihu.com/p/272801606,article,
Ankidroid能否翻转问题与答案？,https://www.zhihu.com/answer/1556405940,answer,
自由学习,https://zhuanlan.zhihu.com/p/272543239,article,
请问初次使用anki，需要把导入的词组全部过一遍，之后才会安排背诵吗？,https://www.zhihu.com/answer/1556230185,answer,
ankidroid选项里面的复习怎么设置？,https://www.zhihu.com/answer/1555695845,answer,
拼图游戏比喻,https://zhuanlan.zhihu.com/p/271646965,article,
如何看待目前仍在进行的冲hololive旗下虚拟主播桐生可可的集团行为?,https://www.zhihu.com/answer/1554013251,answer,
抽象知识,https://zhuanlan.zhihu.com/p/270927894,article,
如何看待公知的没落？是否说明我国爱国主义教育的成功？,https://www.zhihu.com/answer/1552674375,answer,
20 条知识表述规则（20 周年版）,https://zhuanlan.zhihu.com/p/269997143,article,
干扰,https://zhuanlan.zhihu.com/p/269974053,article,
「公告」Anki 高考牌组解密工作圆满完成,https://zhuanlan.zhihu.com/p/269808977,article,
【解密】第18期「完」：物质结构与性质|Anki化学,https://zhuanlan.zhihu.com/p/269670900,article,
有人能告诉我苹果anki备忘录里面那些是什么意思吗？,https://www.zhihu.com/answer/1547860686,answer,
如何看待凑阿库娅Official在2020年10月26日0点发布的视频《Take Over》？,https://www.zhihu.com/answer/1546063636,answer,
MarginNote3导出的单词卡片，除了为其单独添加录音外，有自动或其他方式为单词卡片添加发音吗？,https://www.zhihu.com/answer/1544416283,answer,
记忆稳定性的两个组成成分,https://zhuanlan.zhihu.com/p/268782211,article,
高三有哪些复习各科的高效学习方法？,https://www.zhihu.com/answer/1542698928,answer,
知识结晶,https://zhuanlan.zhihu.com/p/268536400,article,
使用anki需不需要设置最大复习量？,https://www.zhihu.com/answer/1541183785,answer,
教育解放宣言,https://zhuanlan.zhihu.com/p/268258730,article,
儿童应有投票权,https://zhuanlan.zhihu.com/p/268255239,article,
零和游戏花招,https://zhuanlan.zhihu.com/p/268248187,article,
为啥anki不显示我输入的内容，而是全部变成“编辑此卡牌记录并添加一些创建填空。(help)？”？,https://www.zhihu.com/answer/1539581714,answer,
anki用什么邮箱注册?,https://www.zhihu.com/answer/1539565130,answer,
我们该如何学习“学习”？提出这几个核心问题实践一下吧！,https://zhuanlan.zhihu.com/p/268133417,article,
有没有什么适合高中生的高效复习方法?,https://www.zhihu.com/answer/1537977414,answer,
有哪些「对遗忘速度进行自适应」的研究（比如 SuperMemo 算法）是值得关注的？,https://www.zhihu.com/answer/1536059196,answer,
【解密】第17期：有机化学|Anki化学,https://zhuanlan.zhihu.com/p/266932732,article,
语义学习,https://zhuanlan.zhihu.com/p/266922623,article,
睡眠中的记忆优化,https://zhuanlan.zhihu.com/p/266856783,article,
对于历史与社会这一学科特别苦恼，考试时知识点总是记不起来，请问有什么好的记忆方法吗？,https://www.zhihu.com/answer/1532450024,answer,
如何评价 2020 十月新番动画《樱与抱月》？,https://www.zhihu.com/answer/1530829202,answer,
高中生的一天应该是什么样的？,https://www.zhihu.com/answer/1530330631,answer,
有没有人和我一样，觉得先把记忆力和记忆方法搞好，才是以后高效学习的王道?,https://www.zhihu.com/answer/1530158132,answer,
怎么把anki文件导入记乎app?,https://www.zhihu.com/answer/1530083482,answer,
概念网络,https://zhuanlan.zhihu.com/p/266541480,article,
anki会自动删背了很久的卡片吗?,https://www.zhihu.com/answer/1529551085,answer,
大学生怎么做到经济自由，靠谱一点的？,https://www.zhihu.com/answer/1529042110,answer,
醒醒，别再沉迷各种学习方法了！本文带你理解学习的核心问题。（5k+字、20+参考）,https://zhuanlan.zhihu.com/p/262712738,article,
怎么回怼“我先是人，才是中国人”的观点？,https://www.zhihu.com/answer/1524421154,answer,
【解密】第16期：化学元素|Anki化学,https://zhuanlan.zhihu.com/p/265539478,article,
有哪些适合 galgame 爱好者的朋友圈文案？,https://www.zhihu.com/answer/1520626938,answer,
遗忘机制,https://zhuanlan.zhihu.com/p/265081034,article,
泛化与概念化（Generalization vs Conceptualization）,https://zhuanlan.zhihu.com/p/264989664,article,
知识达尔文主义（知识进化论）,https://zhuanlan.zhihu.com/p/264940693,article,
一致性与连贯性(Consistency vs Coherence),https://zhuanlan.zhihu.com/p/264327134,article,
anki 简答题的答案怎么提行啊？,https://www.zhihu.com/answer/1515597795,answer,
为什么Anki的一个分组下的多个记忆库，学完一个记忆库其他的就会显示已完成？,https://www.zhihu.com/answer/1515596370,answer,
醒醒，别再沉迷各种学习方法了！本文带你理解学习的核心问题。（5k+字、20+参考）,https://zhuanlan.zhihu.com/p/262712738,article,
【解密】第15期：背默|Anki语文,https://zhuanlan.zhihu.com/p/262701198,article,
Anki怎么设置不要出现答案让你想问题呀？,https://www.zhihu.com/answer/1508931468,answer,
如何不带“累”字，用一句话形容你很累？,https://www.zhihu.com/answer/1508399983,answer,
哈尔滨工业大学有多简朴？,https://www.zhihu.com/answer/1506987694,answer,
一句话证明你玩过某部galgame？,https://www.zhihu.com/answer/1504161161,answer,
玩Galgame到底有什么意义？为什么不直接看番呢？,https://www.zhihu.com/answer/1502934543,answer,
【解密】第14期：化学方程式|Anki化学,https://zhuanlan.zhihu.com/p/260442817,article,
你希望Anki 新增或改进什么功能？,https://www.zhihu.com/answer/1499012044,answer,
Anki 怎么用？,https://www.zhihu.com/answer/1495733143,answer,
我们需要老师吗？,https://zhuanlan.zhihu.com/p/259398622,article,
为什么你想投身教育领域？,https://www.zhihu.com/answer/1490720302,answer,
【解密】第13期：现代生物科技|Anki生物,https://zhuanlan.zhihu.com/p/258438100,article,
错误模型的价值,https://zhuanlan.zhihu.com/p/258435094,article,
如何评价文章《绩点为王：中国顶尖高校年轻人的囚徒困境》？,https://www.zhihu.com/answer/1483257582,answer,
我怎样才能读得更快？,https://zhuanlan.zhihu.com/p/256212819,article,
磨难就是荣耀?,https://zhuanlan.zhihu.com/p/253184005,article,
教育工厂模式,https://zhuanlan.zhihu.com/p/252300144,article,
普鲁士教育模式,https://zhuanlan.zhihu.com/p/251148900,article,
「公告」关于专栏重组事宜,https://zhuanlan.zhihu.com/p/250434140,article,
【解密】第12期：阅读词汇|Anki英语,https://zhuanlan.zhihu.com/p/248076043,article,
制作间隔重复卡片,https://zhuanlan.zhihu.com/p/245530782,article,
教育改革,https://zhuanlan.zhihu.com/p/242815901,article,
在 RemNote 中构建知识,https://zhuanlan.zhihu.com/p/242322075,article,
如何在新班级里快速确认哪个人是 galgame 玩家？,https://www.zhihu.com/answer/1470364454,answer,
间隔重复概述,https://zhuanlan.zhihu.com/p/239734539,article,
Rem 引用,https://zhuanlan.zhihu.com/p/238333440,article,
迅速组织层次结构,https://zhuanlan.zhihu.com/p/238211772,article,
5 分钟了解 Remnote,https://zhuanlan.zhihu.com/p/235834139,article,
为什么家长和老师都觉得教育孩子越来越累了？,https://www.zhihu.com/answer/1467335911,answer,
【解密】第11期：反应原理|Anki化学,https://zhuanlan.zhihu.com/p/232327520,article,
remnote可以替代anki吗？,https://www.zhihu.com/answer/1465144449,answer,
Remnote——记住你的笔记！,https://zhuanlan.zhihu.com/p/229018036,article,
【解密】第10期：生物技术实践|Anki生物,https://zhuanlan.zhihu.com/p/214354261,article,
06 1989: SuperMemo 适应用户记忆(下),https://zhuanlan.zhihu.com/p/213170503,article,
06 1989: SuperMemo 适应用户记忆(中),https://zhuanlan.zhihu.com/p/207094393,article,
Anki批量导入的话，文字格式可以不变吗？,https://www.zhihu.com/answer/1443941415,answer,
06 1989: SuperMemo 适应用户记忆(上),https://zhuanlan.zhihu.com/p/205600711,article,
安装anki时出现这个问题应该怎么办？,https://www.zhihu.com/answer/1440055892,answer,
anki 建立Basic (and reversed card)卡片后为什么学习不是按照预览效果顺序？,https://www.zhihu.com/answer/1440054304,answer,
在墨墨科技（墨墨背单词）工作是一种怎样的体验？,https://www.zhihu.com/answer/1435928774,answer,
【解密】第9期：数列|Anki数学,https://zhuanlan.zhihu.com/p/199016664,article,
三个妹子要和你交往，你选哪个?,https://www.zhihu.com/answer/1433465960,answer,
Anki同步失败怎么办？,https://www.zhihu.com/answer/1433395494,answer,
如何将蓝色背景条与单词以及音标的相对位置固定住？,https://www.zhihu.com/answer/1433382255,answer,
有没有口味清淡的Galgame游戏推荐?,https://www.zhihu.com/answer/1433108050,answer,
Anki 填空题如何给挖空部分加提示？,https://www.zhihu.com/answer/1431375310,answer,
Anki 填空题如何给挖空部分加提示？,https://www.zhihu.com/questions/417269290,question,
有没有基于安卓系统的艾宾浩斯复习软件？,https://www.zhihu.com/answer/1431100578,answer,
anki在考研专业课背诵阶段有什么注意事项？,https://www.zhihu.com/answer/1429115944,answer,
Anki 能做到展示答案先弹出提示，再是答案吗？,https://www.zhihu.com/answer/1429094323,answer,
如何找到ACGN作品中我喜欢的女生？,https://www.zhihu.com/answer/1428824601,answer,
163买anki值得吗?,https://www.zhihu.com/answer/1427129838,answer,
Anki 圈子建设计划,https://zhuanlan.zhihu.com/p/186189133,article,
真正的艾宾浩斯遗忘曲线是怎样的？,https://www.zhihu.com/answer/1424938846,answer,
Anki 为什么新记住的东西必须要等到四天以后才能再次复习记忆？,https://www.zhihu.com/answer/1420705020,answer,
【解密】第8期：语法词汇|Anki英语,https://zhuanlan.zhihu.com/p/188869178,article,
2020年哈工大深圳，江苏录取分数线403分，比去年提高了8分，其他省份也会比去年高吗？,https://www.zhihu.com/answer/1414822748,answer,
Anki 提示 Front template has a problem，怎么办呀？,https://www.zhihu.com/answer/1413571089,answer,
为什么我的卡片背面答案无法显示？,https://www.zhihu.com/answer/1413447982,answer,
如何看待2020年哈工大一校三区在各省录取分数线？,https://www.zhihu.com/answer/1412935632,answer,
Anki筛选记忆库功能在不同平台筛选出的卡片不一致是什么原因？,https://www.zhihu.com/answer/1412625842,answer,
Anki我导入了别人的卡组然后显示验证中，看不了咋办呀？,https://www.zhihu.com/answer/1411359953,answer,
如何看待明星以虚拟形象接代言的现象，谁是你心中最有商业头脑的明星？,https://www.zhihu.com/answer/1410146381,answer,
anki如何设置三个时间间隔？,https://www.zhihu.com/answer/1408959119,answer,
请问如何让anki的文字居左？,https://www.zhihu.com/answer/1408913935,answer,
当全年级第一是什么感觉?,https://www.zhihu.com/answer/1408005547,answer,
每次打开anki都 提示发生网络错误 ?,https://www.zhihu.com/answer/1406990155,answer,
anki怎么设置自己想背诵的内容？,https://www.zhihu.com/answer/1406674663,answer,
大学生如何优雅的使用anki?,https://www.zhihu.com/answer/1404078660,answer,
“Anki”和“记乎”我应如何取舍？,https://www.zhihu.com/answer/1404032731,answer,
【解密】第7期：工业流程|Anki化学,https://zhuanlan.zhihu.com/p/180127316,article,
遗忘指数是间隔重复中的一个有缺陷的度量,https://zhuanlan.zhihu.com/p/179057473,article,
记忆的两个组成成分|浓缩通俗版,https://zhuanlan.zhihu.com/p/179076885,article,
Anki 2.1 scheduler/安排算法,https://zhuanlan.zhihu.com/p/177609573,article,
高中生物选修一不听课，直接背书上和资料上的知识点可行吗？,https://www.zhihu.com/answer/1395737293,answer,
你手机里面每天必须点开的APP是什么？,https://www.zhihu.com/answer/1394894309,answer,
anki可以从哪里下载呢?,https://www.zhihu.com/answer/1394111230,answer,
人是否存在相对明显的背诵效率高的时间段?,https://www.zhihu.com/answer/1393654263,answer,
ANki最新版2.0.64怎么查看明天到期的卡片?,https://www.zhihu.com/answer/1393467584,answer,
Anki 能做到什么?不能做到什么?,https://www.zhihu.com/answer/1391603039,answer,
有没有哪些galgame的True End是Bad End？,https://www.zhihu.com/answer/1390953387,answer,
【经验】他人牌组食用指北|Anki,https://zhuanlan.zhihu.com/p/168386543,article,
【解密】第6期：稳态与环境|Anki生物,https://zhuanlan.zhihu.com/p/166561325,article,
如何看待继晨风机器人后，各机器人宣布关闭？,https://www.zhihu.com/answer/1378155870,answer,
如何看待继晨风机器人后，各机器人宣布关闭？,https://www.zhihu.com/answer/1378155870,answer,
如何不使用Anki创建apkg格式牌组?,https://www.zhihu.com/answer/1376071771,answer,
supermemo和anki这两款记忆软件有什么区别？,https://www.zhihu.com/answer/1373975077,answer,
anki为什么没有在学生群体中大火起来？,https://www.zhihu.com/answer/1373610154,answer,
Anki 可以视为 supermemo 的开源实现吗，它们的差别还有多大？,https://www.zhihu.com/answer/1373468425,answer,
Anki有哪些值得推荐的词库和插件？,https://www.zhihu.com/answer/1370890436,answer,
能否将考试时间设置到anki里面，让anki来安排复习进度？,https://www.zhihu.com/answer/1370044764,answer,
Anki 如何复习有网状联系的知识？,https://www.zhihu.com/answer/1369888723,answer,
16 记忆研究摘要,https://zhuanlan.zhihu.com/p/164968911,article,
【解密】第5期：三角函数及解三角形|Anki数学,https://zhuanlan.zhihu.com/p/164883400,article,
2018 年高考录取分数线陆续出炉，有哪些看点与趋势？,https://www.zhihu.com/answer/446460313,answer,
Anki 能做到什么?不能做到什么?,https://www.zhihu.com/questions/410244318,question,
anki的生物学原理是什么？,https://www.zhihu.com/answer/1366224172,answer,
哈工大深圳校区2019年高考录取分数线多少？,https://www.zhihu.com/answer/752867775,answer,
为什么有人黑哈工大？,https://www.zhihu.com/answer/941746140,answer,
如何看待哈工大两名大四学生因作弊被开除学籍？,https://www.zhihu.com/answer/1352294529,answer,
11 月 13 日香港教育局发布明日全港学校停课通告，正在紧急撤离香港的学生情况如何？,https://www.zhihu.com/answer/893133284,answer,
有哪些是你高考后才明白的事？,https://www.zhihu.com/answer/1363373382,answer,
如何评价今年的BML（2020）?,https://www.zhihu.com/answer/1362988560,answer,
如何更改anki软件字体？,https://www.zhihu.com/answer/1362925929,answer,
如何看待字节跳动开始大力进军教育产业，会带来哪些变动？,https://www.zhihu.com/answer/1362748195,answer,
【解密】第4期：文言实词|Anki语文,https://zhuanlan.zhihu.com/p/163271957,article,
HITszQAbot 项目记录,https://zhuanlan.zhihu.com/p/158186707,article,
如何看待知乎、贴吧等渠道上cxqmt等人对哈工大深圳的吹捧？,https://www.zhihu.com/answer/1348727518,answer,
在哈尔滨工业大学（深圳）就读本科是怎样一番体验？,https://www.zhihu.com/answer/946928193,answer,
游戏《钢铁雄心》最让你崩溃的是什么时刻？,https://www.zhihu.com/answer/1352676770,answer,
如何看待哈工大两名大四学生因作弊被开除学籍？,https://www.zhihu.com/answer/1352294529,answer,
如何看待知乎、贴吧等渠道上cxqmt等人对哈工大深圳的吹捧？,https://www.zhihu.com/answer/1348727518,answer,
是什么让你坚持活下去(限10个字之内)？,https://www.zhihu.com/answer/1348183889,answer,
又一款不错的 Anki 划词插件,https://zhuanlan.zhihu.com/p/161690440,article,
在使用Anki过程中有哪些拆卡经验值得分享？,https://www.zhihu.com/questions/407795041,question,
如何让anki或者类似的记忆工具落实到平时生活的复习中?,https://www.zhihu.com/answer/1346856067,answer,
【解密】第3期：写作词汇|Anki英语,https://zhuanlan.zhihu.com/p/160246939,article,
命题都能写成“如果…那么…”形式吗？,https://www.zhihu.com/answer/1335369054,answer,
请问帮助记忆的软件Anki怎么用啊？,https://www.zhihu.com/answer/1332507448,answer,
手机anki可以调选定字体的颜色吗，怎么操作呢？,https://www.zhihu.com/answer/1331088310,answer,
怎样可以让知识点记忆的更加牢固？,https://www.zhihu.com/answer/1330938447,answer,
HITszQAbot 项目记录,https://zhuanlan.zhihu.com/p/158186707,article,
【解密】第2期：化学与生活|Anki化学,https://zhuanlan.zhihu.com/p/151780432,article,
一个完整的学习周期都包含什么过程？,https://www.zhihu.com/answer/1325045698,answer,
你认为幻想乡谁最漂亮？,https://www.zhihu.com/answer/1322670847,answer,
在公交车上玩galgame会不会不好意思?,https://www.zhihu.com/answer/1322054843,answer,
anki因记不住而暂停复习的卡片后面会自己恢复复习吗？,https://www.zhihu.com/answer/1320282483,answer,
按遗忘曲线复习效率更高吗？为什么我觉得没什么效果呢？,https://www.zhihu.com/answer/1319708582,answer,
艾宾浩斯遗忘曲线的错误,https://zhuanlan.zhihu.com/p/156672476,article,
anki有什么不足的地方？,https://www.zhihu.com/answer/1319219794,answer,
如何将长句拆分成数个短句？,https://www.zhihu.com/answer/1318827898,answer,
如何看待深圳教育局连夜发文取消各类学校期末考试这件事？,https://www.zhihu.com/answer/1316820251,answer,
你们对二次元越来越不感兴趣吗？,https://www.zhihu.com/answer/1315865593,answer,
【解密】第1期：遗传与进化|Anki生物,https://zhuanlan.zhihu.com/p/151738322,article,
为什么说在柚子玩家处在gal game圈的最底层？,https://www.zhihu.com/answer/1312486058,answer,
如何看待动画片因角色染发被举报，频道停播并整改？,https://www.zhihu.com/answer/1309995619,answer,
【万粉纪念】兼【激励计划】及【解密系列序章】,https://zhuanlan.zhihu.com/p/151319005,article,
Galgame 的圈子有多小？,https://www.zhihu.com/answer/1306778399,answer,
怎样提高高中生物成绩？有哪些较好的方法？,https://www.zhihu.com/answer/1306325238,answer,
高考最后十天怎么逆袭？,https://www.zhihu.com/answer/1305622536,answer,
有没有类似galgame恋爱文学部的游戏?,https://www.zhihu.com/answer/1304688544,answer,
怎么通俗易懂地解释维特根斯坦的思想？,https://www.zhihu.com/answer/1303696768,answer,
有没有什么优秀的国产galgame推荐？,https://www.zhihu.com/answer/1303279747,answer,
Ankidrod到底怎么用？,https://www.zhihu.com/answer/1302516528,answer,
anki如何做刮刮乐效果？,https://www.zhihu.com/answer/1301954496,answer,
有没有好心人帮忙看看anki出现这个问题怎么解决？,https://www.zhihu.com/answer/1301909826,answer,
【合集】那些 Anki 高考牌组的作者们,https://zhuanlan.zhihu.com/p/104104736,article,
哈尔滨工业大学（深圳）有哪些知名校友或者有影响力的人物？,https://www.zhihu.com/answer/1300515741,answer,
请问anki出现这样的情况怎么解决？,https://www.zhihu.com/answer/1300447685,answer,
知乎圈子怎么同步原创回答？,https://www.zhihu.com/questions/403069061,question,
有哪些看起来很有格调的电脑桌面壁纸？,https://www.zhihu.com/answer/1298022547,answer,
想知道Anki底栏的重来一般困难怎么设置，我的为什么简单选项没有了?,https://www.zhihu.com/answer/1296819052,answer,
高考生物如何考满分？,https://www.zhihu.com/answer/1296177925,answer,
anki导入的牌组这样子是怎么回事？,https://www.zhihu.com/answer/1295091361,answer,
电脑版anki2.1有什么推荐的插件?,https://www.zhihu.com/answer/1291497149,answer,
求问这是什么软件啊?,https://www.zhihu.com/answer/1289715542,answer,
高三生物可以速成吗？,https://www.zhihu.com/answer/1285507844,answer,
手机anki怎么查看自己 熟悉 的卡片，?,https://www.zhihu.com/answer/1282271089,answer,
Anki 同步问题?,https://www.zhihu.com/answer/1280609972,answer,
anki这个怎么把它还原?,https://www.zhihu.com/answer/1280605163,answer,
anki不提醒我复习哪个卡片该怎么办?,https://www.zhihu.com/answer/1274901184,answer,
anki显示“导入成功添加0笔记更新0笔记，20处附注不变呢？”怎么办?词组更新在同文档里，部分重复？,https://www.zhihu.com/answer/1272825178,answer,
anki上的牌组为什么添加不了笔记？,https://www.zhihu.com/answer/1272817457,answer,
如何打开网盘的anki卡包发送到anki软件?,https://www.zhihu.com/answer/1272815007,answer,
手机如何做有图片的anki卡片?,https://www.zhihu.com/answer/1270947587,answer,
ANKI会不会倒闭？倒闭了我存储的卡片就没了啊？,https://www.zhihu.com/answer/1269286537,answer,
anki适合学习新知识吗?,https://www.zhihu.com/answer/1266497986,answer,
大神门！我的anki卡片修改保存后，过个四五天又会回到修改之前的样子，这是怎么回事？谢谢解答！？,https://www.zhihu.com/answer/1265598001,answer,
【思货】“旗帜鲜明”地反对用 Anki “刷题”（评论区更精彩）,https://zhuanlan.zhihu.com/p/144948551,article,
在一个知识点遗忘至不能主观上回想起后再复习和将要忘记时复习，哪种效果好（希望提示一下相关论文）？,https://www.zhihu.com/answer/1257414590,answer,
anki能在卡片底部显示章节或标签吗？,https://www.zhihu.com/answer/1257331670,answer,
使用Anki时把default这个默认卡包改名为英语，这个卡包就自动隐藏了，求怎么还原默认卡包名字？,https://www.zhihu.com/answer/1253660391,answer,
anki中国和anki有区别吗？,https://www.zhihu.com/answer/1253657587,answer,
anki为什么会把我录的卡片正反面调过来生成新的卡片?,https://www.zhihu.com/answer/1248660772,answer,
anki点击后困难按钮怎么当天重复？,https://www.zhihu.com/answer/1243502311,answer,
Anki中如何将待复习的卡片变为新卡片？,https://www.zhihu.com/answer/1242564753,answer,
不许出现地名，四个字证明你是哪个省的人？,https://www.zhihu.com/answer/1241661032,answer,
有没有ANKI大神可以告诉我，excel导入的文件里面有多行要如何在ANKI里实现换行操作？,https://www.zhihu.com/answer/1241168207,answer,
如何提高anki 制卡的效率?,https://www.zhihu.com/answer/1237302748,answer,
【公告】Anki 高考牌组下架及解密的相关事宜,https://zhuanlan.zhihu.com/p/142177105,article,
如何看待教育部印发义务教育六科超标超前培训负面清单（试行）？,https://www.zhihu.com/answer/1232310979,answer,
你为什么选择Anki而不是Quizlet或者Supermemo？,https://www.zhihu.com/answer/1231214903,answer,
推荐一点学生党好用的学习APP？,https://www.zhihu.com/answer/1224034366,answer,
【硬核】Anki2.1 打印卡片(续)——关于填空卡片转生成为复习提纲的那档事,https://zhuanlan.zhihu.com/p/138240220,article,
anki的标签可以批量删除吗？,https://www.zhihu.com/answer/1212110835,answer,
请问这个怎么把下载下来的apkg文件放到这个目录里面啊，今天刚用这个软件，这步卡住了，求解，谢谢❤️？,https://www.zhihu.com/answer/1207373074,answer,
Anki弹出的对话框，已处理评书链，但是在不受信任提供程度。是什么原因？,https://www.zhihu.com/answer/1207363688,answer,
【硬核】Anki2.1 打印卡片——可以打印还能自测，这样的问答卡片你喜欢吗？,https://zhuanlan.zhihu.com/p/137769105,article,
anki卡片编辑页面的Fx选项的作用是什么？,https://www.zhihu.com/answer/1200233283,answer,
anki 如何向已存在学习进度的牌组 批量添加字段？,https://www.zhihu.com/answer/1193126135,answer,
子牌组怎么改数量吗，子牌组1改了20个，子牌组2也变成20个，这是什么原因？,https://www.zhihu.com/answer/1191858001,answer,
有会用anki的大佬吗，没太搞明白怎么用？,https://www.zhihu.com/answer/1191848319,answer,
【授权转载】【Ank高级操作技巧】(8)-添加表格,https://zhuanlan.zhihu.com/p/136792696,article,
Anki收藏了的卡片在哪里？,https://www.zhihu.com/answer/1177686577,answer,
anki手机版免费吗?,https://www.zhihu.com/answer/1177665110,answer,
你是怎么开始玩东方大战争的？,https://www.zhihu.com/answer/1167896548,answer,
为什么手机登不了anki?,https://www.zhihu.com/answer/1155935135,answer,
anki填空题bug怎么解决?,https://www.zhihu.com/answer/1155929667,answer,
Anki 超强插件介绍,https://zhuanlan.zhihu.com/p/129399031,article,
你用过哪些好用的时间效率管理 APP/软件，体验如何？,https://www.zhihu.com/answer/1145043846,answer,
如何看待每年高考前都有很多“高三如何逆袭”这类的问题？,https://www.zhihu.com/answer/1144968193,answer,
用anki可以练字或者练习盲打之类的项目可行吗？,https://www.zhihu.com/answer/1143801024,answer,
请问anki的安卓版，如何切换个人配置方案？,https://www.zhihu.com/answer/1143754840,answer,
Anki（安卓手机）怎么设置每日最大新学卡片数量？,https://www.zhihu.com/answer/1137913550,answer,
想要在b站混熟有哪些知名番剧需要补吗？,https://www.zhihu.com/answer/1137162706,answer,
【分享】QuickerXMathpix 实现截图公式OCR,https://zhuanlan.zhihu.com/p/127043982,article,
【介绍】SuperMemo China 翻译计划,https://zhuanlan.zhihu.com/p/127030397,article,
AnKi中国官网打不开，不知怎么回事？,https://www.zhihu.com/answer/1132815721,answer,
怎么制作Anki的填空题卡片？,https://www.zhihu.com/answer/1128452973,answer,
为什么碧蓝航线在日本反而比在中国火？,https://www.zhihu.com/answer/1119876307,answer,
如何看待 2020 年高考延期一个月至 7 月 7 日和 7 月 8 日？会产生哪些影响？,https://www.zhihu.com/answer/1118153426,answer,
你的盐值是多少？如何有效地提升盐值？,https://www.zhihu.com/answer/1116418745,answer,
anki如何创建子牌组?,https://www.zhihu.com/answer/1116284338,answer,
大学生anki怎么高效使用?,https://www.zhihu.com/answer/1111982205,answer,
请问Anki怎么设置成大纲层级这样的？,https://www.zhihu.com/answer/1111969045,answer,
高中一天学的知识点很多，从头到尾回忆复习一遍所需时间太长，没时间，怎么办？,https://www.zhihu.com/answer/1110965751,answer,
anki对高中哪些科目帮助巨大?,https://www.zhihu.com/answer/1097415365,answer,
「二周年」Anki 高考，回顾与展望。,https://zhuanlan.zhihu.com/p/114881523,article,
小米的小爱老师自带的闪卡功能是否涉嫌抄袭anki？,https://www.zhihu.com/answer/1091206487,answer,
男生最喜欢的动漫是哪部？可以顺便说说吗？,https://www.zhihu.com/answer/1079385611,answer,
怎样能更清楚的知道自己适合怎样的学习方法，还有怎样提高学习效率？,https://www.zhihu.com/answer/1079225987,answer,
有推荐的学习软件吗？,https://www.zhihu.com/answer/1077146395,answer,
如何背生物不会忘？,https://www.zhihu.com/answer/1073889320,answer,
能否列举高中化学实验操作一些识记点?,https://www.zhihu.com/answer/1073376678,answer,
anki手机端卡片浏览器中搜索问题栏中的某个单词为什么显示多个结果？,https://www.zhihu.com/answer/1072224371,answer,
【补档】Anki与高考听力的完美融合——经验与福利分享,https://zhuanlan.zhihu.com/p/59323356,article,
每天快速过一遍牌组，Anki参数应如何设置？,https://www.zhihu.com/answer/1063878291,answer,
我用电脑anki下载组件或者牌组下载速度只有几k咋破？,https://www.zhihu.com/answer/1063872713,answer,
anki能不能按照创建卡片顺序来复习?,https://www.zhihu.com/answer/1057143735,answer,
Anki的学习时间是怎么计算的呢？,https://www.zhihu.com/answer/1054962390,answer,
Anki的填空题怎么输入？,https://www.zhihu.com/answer/1054955943,answer,
Anki手机版怎么添加填空卡片？,https://www.zhihu.com/answer/1054934219,answer,
anki卡片制作时如何撤销操作输入呢？,https://www.zhihu.com/answer/1054923042,answer,
anki防倒卖?,https://www.zhihu.com/answer/1054907275,answer,
Anki 这是Bug还是我没用对?,https://www.zhihu.com/answer/1054899800,answer,
生活在钢铁雄心的世界里是怎样的体验？,https://www.zhihu.com/answer/1053972794,answer,
哪个背单词的方案好？（对于高一学生）？,https://www.zhihu.com/answer/1044673884,answer,
请教大神，我的苹果端anki下载了anki论坛的卡牌但是anki打卡是这样的是为什么？,https://www.zhihu.com/answer/1039854829,answer,
怎样探索出自己的记忆周期（不参照艾宾浩斯记忆曲线），便于复习？,https://www.zhihu.com/answer/1037751582,answer,
ankidroid怎么下载?,https://www.zhihu.com/answer/1035142739,answer,
anki的开发者希望我们怎样学习anki的高级功能？通读手册吗？,https://www.zhihu.com/answer/1035090688,answer,
.nsp文件在电脑上怎么打开？,https://www.zhihu.com/answer/1025851318,answer,
Anki中（或某个插件）能否自定义学习、复习完某个deck所计划投入的时间？,https://www.zhihu.com/answer/1025694116,answer,
想问一下 离高考还有120天左右 可以用Anki吗？,https://www.zhihu.com/answer/1025271836,answer,
有没有什么好用的手机学习软件？,https://www.zhihu.com/answer/1024915739,answer,
学习方法有用吗，你是怎么理解学习方法的？如果有用为什么学校不设置课程呢？,https://www.zhihu.com/answer/1008886385,answer,
大家对知乎有什么可行的改造意见？,https://www.zhihu.com/answer/1008675557,answer,
【介绍】Osmosis——视频网课、卡片与间隔重复的有机结合,https://zhuanlan.zhihu.com/p/106058169,article,
想问问艾宾浩斯表格怎么用？,https://www.zhihu.com/answer/1008403520,answer,
直播学习是否有积极作用？,https://www.zhihu.com/answer/1007249524,answer,
有哪些实用学习的APP可以推荐一下？,https://www.zhihu.com/answer/1005545481,answer,
知乎的10个成长等级分别对应多少知乎盐值？,https://www.zhihu.com/answer/1002962987,answer,
为什么很多学霸都不爱做笔记？,https://www.zhihu.com/answer/1001778335,answer,
关于你所在的学校，有哪些校友口口相传的「冷知识」？,https://www.zhihu.com/answer/999779314,answer,
在外省眼里，哈尔滨工业大学是什么层次的学校？,https://www.zhihu.com/answer/999743198,answer,
背单词时怎样做到背了新单词而不忘背过的旧词？,https://www.zhihu.com/answer/999630947,answer,
可以分享一下你的学习方法吗？（高中）？,https://www.zhihu.com/answer/998700686,answer,
为啥用anki下载不下来共享词组？,https://www.zhihu.com/answer/997179807,answer,
记忆力不好，怎么才能在短时间内最大限度的学习知识？学习方法都有哪些？,https://www.zhihu.com/answer/995551831,answer,
把高中所有生物书读一遍并把重要的知识点抄在笔记本上对提高生物有没有帮助？,https://www.zhihu.com/answer/993852793,answer,
【实战】Anki 生物专题快速制卡,https://zhuanlan.zhihu.com/p/104370779,article,
背单词能只背中文不记拼写吗？,https://www.zhihu.com/answer/990261999,answer,
在即将过去的2019年里，你使用频率最高的App是哪几个？,https://www.zhihu.com/answer/989436058,answer,
【合集】那些 Anki 高考牌组的作者们,https://zhuanlan.zhihu.com/p/104104736,article,
新型肺炎疫情应对，全国多省市交通管控，会影响春运返工吗？该如何应对？,https://www.zhihu.com/answer/986135088,answer,
提示空白卡片，但打开编辑，所有内容都有，这个是什么原因呀？,https://www.zhihu.com/answer/986121479,answer,
长投学堂有什么优势，在里面可以学到什么内容？,https://www.zhihu.com/answer/984515880,answer,
艾宾浩斯记忆曲线到底有没有用？？！？,https://www.zhihu.com/answer/984509761,answer,
【合集】关于 Anki，我们曾经做过的梦,https://zhuanlan.zhihu.com/p/103810284,article,
谁有Anki安卓版？可以分享吗?,https://www.zhihu.com/answer/982884392,answer,
如何理解文字和图文的时代已经结束了？,https://www.zhihu.com/answer/978954580,answer,
有哪些适合高中生的学习软件或者公众号?学理的?,https://www.zhihu.com/answer/977581918,answer,
背的东西太多太杂要怎么办?,https://www.zhihu.com/answer/976355325,answer,
anki如何录入视频?,https://www.zhihu.com/answer/973974337,answer,
你最拼命的时候一个月背下过多少东西？,https://www.zhihu.com/answer/972999475,answer,
哈工大深圳有多少本科生？,https://www.zhihu.com/answer/971865983,answer,
高中生用手机学英语背单词真的有用吗？,https://www.zhihu.com/answer/971832698,answer,
【实战】大学英语六级翻译词汇快速制卡记录,https://zhuanlan.zhihu.com/p/102259740,article,
大学生该不该告诉高中生大学的不易？,https://www.zhihu.com/answer/969813256,answer,
考试前把书放在枕头下睡觉真的会有利于大脑记忆吗？,https://www.zhihu.com/answer/968602120,answer,
剩150天就高考了，怎么让自己静下心来。?,https://www.zhihu.com/answer/966178989,answer,
有哪些记忆文章或大量知识点的好方法?,https://www.zhihu.com/answer/965667440,answer,
用Anki备战高考是种怎样的体验？,https://www.zhihu.com/questions/365039152,question,
为啥有两家不同公司的anki APP？,https://www.zhihu.com/answer/964468004,answer,
985高校的学生思修 毛概 马哲是如何上的？,https://www.zhihu.com/answer/963931011,answer,
艾宾浩斯记忆曲线有无数学模型？,https://www.zhihu.com/answer/963280524,answer,
如何在mathjax里写化学反应式的反应条件？,https://www.zhihu.com/answer/963143179,answer,
有大佬知道怎么把第一个卡上的点点点改成横线吗？,https://www.zhihu.com/answer/963076187,answer,
背书老是跑神，背不会怎么办？,https://www.zhihu.com/answer/962649858,answer,
Anki官网上电脑版下载失败要怎么解决？,https://www.zhihu.com/answer/962625573,answer,
背单词的过程中，如何形成牢固的记忆？,https://www.zhihu.com/answer/961619758,answer,
手机上的anki app  复习的间隔时间可以改吗  在哪里改？,https://www.zhihu.com/answer/959753274,answer,
作为高中生，你们一般睡几个小时？,https://www.zhihu.com/answer/958489368,answer,
anki共享牌组导入失败（求解啊啊啊）?,https://www.zhihu.com/answer/952906948,answer,
求助anki填空题正面变成这样了怎么办?,https://www.zhihu.com/answer/952904597,answer,
请教anki怎么设置继续学习？,https://www.zhihu.com/answer/952807285,answer,
anki 2.1 如何将带格式文本粘贴进字段？,https://www.zhihu.com/answer/952804986,answer,
05 1988：记忆的两个组成成分,https://zhuanlan.zhihu.com/p/99505568,article,
在哈尔滨工业大学（深圳）就读本科是怎样一番体验？,https://www.zhihu.com/answer/946928193,answer,
如何评价哈尔滨工业大学（深圳）的计算机科学与技术专业？,https://www.zhihu.com/answer/946926891,answer,
Anki在父牌组和子牌组设置不同的选项组，最后是按照哪个选项组进行记忆？,https://www.zhihu.com/answer/945821650,answer,
有没有哪个背单词APP可以由老师建班，学生背诵，学生记忆进度及掌握情况老师一目了然的？,https://www.zhihu.com/answer/942629833,answer,
为什么有人黑哈工大？,https://www.zhihu.com/answer/941746140,answer,
04 SuperMemo 1.0: 日志 (1987),https://zhuanlan.zhihu.com/p/97887756,article,
【FAQ】Anki 高考牌组「精简版」答疑（安卓版）TOP 10,https://zhuanlan.zhihu.com/p/97488347,article,
你是怎样向朋友推荐Anki的？,https://www.zhihu.com/questions/360572717,question,
为什么我仍在推荐 Anki ——学习观18.5观后感,https://zhuanlan.zhihu.com/p/96810791,article,
03 1986：SuperMemo 的第一步,https://zhuanlan.zhihu.com/p/96603060,article,
请问anki当天的卡片背不完的影响是什么？,https://www.zhihu.com/answer/929993903,answer,
修复手机上无法直接打开.apkg(牌组)文件的问题！,https://zhuanlan.zhihu.com/p/96259556,article,
在anki中用cloze是否是一种更为偷懒的学习方式？,https://www.zhihu.com/answer/925413592,answer,
02 1985：SuperMemo 的诞生,https://zhuanlan.zhihu.com/p/95111167,article,
【Anki 牌组+Markdown笔记分享】汇编语言,https://zhuanlan.zhihu.com/p/94724167,article,
记忆多个（3个以上或更多）无明显逻辑联系的知识点，有何制卡技巧？,https://www.zhihu.com/answer/917502252,answer,
有什么独特的记忆方法？,https://www.zhihu.com/answer/917498405,answer,
Anki牌组导入不进去，求解？,https://www.zhihu.com/answer/913855716,answer,
anki卡牌如何恢复初始状态?,https://www.zhihu.com/answer/913838618,answer,
如何在 Ankidroid 上指定特定字段文字转语音(TTS)？,https://zhuanlan.zhihu.com/p/93874295,article,
没错！这是新坑！History of spaced repetition 翻译项目来了！,https://zhuanlan.zhihu.com/p/92646093,article,
父牌组的的Interval modifier是否会干预子牌组的Interval modifier?,https://www.zhihu.com/answer/902248784,answer,
01 Introduction 前言,https://zhuanlan.zhihu.com/p/92640205,article,
11 月 13 日香港教育局发布明日全港学校停课通告，正在紧急撤离香港的学生情况如何？,https://www.zhihu.com/answer/893133284,answer,
anki牌组挂到闲鱼以后如何才能不被恶意倒卖（即被别人说成是他做的）？,https://www.zhihu.com/answer/891947171,answer,
请问Anki怎么把子文件夹移出大文件夹试过鼠标拖动不好用？,https://www.zhihu.com/answer/891889632,answer,
anki与墨墨背单词是不是一个原理?,https://www.zhihu.com/answer/881945657,answer,
请问大神们，关于Anki是每天学习每个记忆库80个卡片呢？还是每天学习整个Anki 80个卡片呢？,https://www.zhihu.com/answer/877032522,answer,
anki有些设置不懂怎么办?,https://www.zhihu.com/answer/861947986,answer,
有没有谁用过Anki，可以说说它的原理或心得？,https://www.zhihu.com/answer/857281485,answer,
Ankidroid 2.9 终于发布了！,https://zhuanlan.zhihu.com/p/86636858,article,
你的大学曾经诞生过哪些造福社会的科研成果？,https://www.zhihu.com/answer/846456431,answer,
背诵背的老是忘，怎么办？,https://www.zhihu.com/answer/846065854,answer,
有哪些适合高一新生自学的APP？,https://www.zhihu.com/answer/841394301,answer,
Anki+Markdown/Word，这样自学很扎实！,https://zhuanlan.zhihu.com/p/84712668,article,
如何看待「送给最好的 TA」手机病毒应用突然间在中国各大高校广泛传播？,https://www.zhihu.com/answer/838164036,answer,
如何评价全国高校927事件?,https://www.zhihu.com/answer/837757081,answer,
高中时上学时拼命学寒暑假一点都不学会怎么样？,https://www.zhihu.com/answer/835247453,answer,
面对anki的入门门槛高，信息繁多，难以迅速实际应用到自己想要的科目或领域，大家是不是想找个引路人？,https://www.zhihu.com/answer/832701388,answer,
anki怎么定每日任务？,https://www.zhihu.com/answer/832690413,answer,
求问ankidroid如何同步到iOS？,https://www.zhihu.com/answer/832685883,answer,
你是怎么用anki或supermemo提高学习效率或生产率的？,https://www.zhihu.com/answer/831579630,answer,
窝开学就初三了，前两年都没怎么学习初三想好好学，有人能介绍几款学习的软件嘛。谢谢鸭？,https://www.zhihu.com/answer/821849593,answer,
Anki制作让我陷入了迷茫，该怎么才能好好利用啊?,https://www.zhihu.com/answer/819513906,answer,
如何记忆单词?,https://www.zhihu.com/answer/818709339,answer,
请问这是什么学习管理软件？,https://www.zhihu.com/answer/817871457,answer,
anki 用不了吗？,https://www.zhihu.com/answer/817196781,answer,
高中的课堂笔记有必要做吗，以怎么样的方式比较恰当，应该怎么复习笔记？,https://www.zhihu.com/answer/816734253,answer,
高中生应该怎样记笔记？需要用什么本子？,https://www.zhihu.com/answer/816693595,answer,
有没有自己随时记下新单词方便复习的app？,https://www.zhihu.com/answer/816662091,answer,
如何查看Anki剩余新词，已学新词?,https://www.zhihu.com/answer/814602694,answer,
有没有高效记忆APP？,https://www.zhihu.com/answer/812375303,answer,
如何设置anki才能按照遗忘曲线的时间点来提醒使用者记忆？anki中的统计图表又该如何分析？,https://www.zhihu.com/answer/809390415,answer,
对于学英语来说，Anki只能用于背单词吗？,https://www.zhihu.com/answer/809387467,answer,
缘分、传火、路标——不知从何处看起的朋友，不妨来这看看,https://zhuanlan.zhihu.com/p/79388985,article,
高中英语应该如何提高？,https://www.zhihu.com/answer/798995813,answer,
高三生如何每天能在完成作业的同时复习六科内容?,https://www.zhihu.com/answer/798427727,answer,
Anki 大学牌组低调发布,https://zhuanlan.zhihu.com/p/79070833,article,
【硬核】参数模拟(续)——从“诡异”的曲线上扬到“有毒”的记忆,https://zhuanlan.zhihu.com/p/79015431,article,
如何解读继粤港澳大湾区后提出的「深圳先行示范区」？具有怎样的意义？,https://www.zhihu.com/answer/795243892,answer,
什么样的笔记在复习的时候，能最有效？,https://www.zhihu.com/answer/794979661,answer,
你知道哪些冷门但逆天的 App？,https://www.zhihu.com/answer/794932148,answer,
【硬核】参数模拟——每天 40 张新卡片，365 天后我要复习多少？,https://zhuanlan.zhihu.com/p/78398403,article,
如何看待环球时报记者付国豪在香港机场的遭遇及事件后续?,https://www.zhihu.com/answer/787650340,answer,
知乎上好多推荐anki和aboboo特别好用，去下了，不会用。请高人指点一下？,https://www.zhihu.com/answer/787018835,answer,
你用Anki多久了 效果如何了？,https://www.zhihu.com/answer/786984090,answer,
怎么在anki中迅速添加卡片，而不需要退出当前页面？,https://www.zhihu.com/answer/783252586,answer,
超强台风「利奇马」登陆浙江，对你有什么影响？如何应对台风的危害？,https://www.zhihu.com/answer/782061132,answer,
高考考 600 分以上要付出怎样的努力？,https://www.zhihu.com/answer/781622732,answer,
有哪些让你相见恨晚的记笔记方法？,https://www.zhihu.com/answer/781577620,answer,
作为计划工具的 Anki 还有这些效果？,https://zhuanlan.zhihu.com/p/76959816,article,
Anki 划词助手这样用，你也可以在知乎上快速提分！,https://zhuanlan.zhihu.com/p/76957375,article,
有什么好的学习方法能让高三一年提高二百多分？,https://www.zhihu.com/answer/773275384,answer,
有没有功能类似anki的制作卡片的app？,https://www.zhihu.com/answer/771939943,answer,
（新坑）知乎╳Anki╳高考——怎样在知乎上用 Anki 提分？,https://zhuanlan.zhihu.com/p/76257659,article,
有什么较好的日常学习方法吗？,https://www.zhihu.com/answer/771354327,answer,
认知心理学在教育上的应用实例有哪些？,https://www.zhihu.com/answer/771333750,answer,
真的有高三玩手机还能考上一本或985，211的人吗？,https://www.zhihu.com/answer/771252365,answer,
为什么没有公司制作“东方project”系列的手游或者网游？,https://www.zhihu.com/answer/765219314,answer,
传统学习究竟怎样对接 Anki 制卡？也谈渐进学习。,https://zhuanlan.zhihu.com/p/56048163,article,
有什么相见恨晚的学习方法给高一学生?,https://www.zhihu.com/answer/762329556,answer,
应试教育的缺点有哪些?,https://www.zhihu.com/answer/759219364,answer,
复读生如何提升英语语文?,https://www.zhihu.com/answer/759065526,answer,
Anki 统计数据怎么看？,https://zhuanlan.zhihu.com/p/74724514,article,
有哪些优秀、值得推荐的学习软件？,https://www.zhihu.com/answer/754636474,answer,
哈工大深圳校区2019年高考录取分数线多少？,https://www.zhihu.com/answer/752867775,answer,
Anki 有没有人制作出便携版本?,https://www.zhihu.com/answer/749769853,answer,
高三应该如何将三轮复习的效率最大化？理科？,https://www.zhihu.com/answer/749742933,answer,
我准备升入高中，有什么好的学习方法可以分享？,https://www.zhihu.com/answer/748203130,answer,
Anki 单词软件，为什么录入某些单词，却从未出现过，如下图？,https://www.zhihu.com/answer/748076359,answer,
【填坑】《I would never send my kids to school》翻译完毕,https://zhuanlan.zhihu.com/p/73395783,article,
0 Content 目录《我永远不会送我的孩子去学校》,https://zhuanlan.zhihu.com/p/73383015,article,
24 Further reading 拓展阅读,https://zhuanlan.zhihu.com/p/73367658,article,
23 Reference 参考文献,https://zhuanlan.zhihu.com/p/73367484,article,
22 Glossary 术语表,https://zhuanlan.zhihu.com/p/73367196,article,
17 Daycare misery 幼儿园的苦难,https://zhuanlan.zhihu.com/p/73366114,article,
19 Childhood passions 童年的激情,https://zhuanlan.zhihu.com/p/73348892,article,
18 Stress resilience 压力适应力,https://zhuanlan.zhihu.com/p/73207325,article,
16 Childhood amnesia 童年失忆症（16.6-16.11+摘要）,https://zhuanlan.zhihu.com/p/72794136,article,
16 Childhood amnesia 童年失忆症（16.1-16.5）,https://zhuanlan.zhihu.com/p/72792752,article,
怎么获取anki中的分享牌组，怎么下载到anki呢？,https://www.zhihu.com/answer/740820205,answer,
anki怎么导入数学公式？,https://www.zhihu.com/answer/740816395,answer,
Anki 2.1添加卡片怎么用快捷键换行?,https://www.zhihu.com/answer/740808553,answer,
15 How baby brain does not work 婴儿的大脑怎样不起作用,https://zhuanlan.zhihu.com/p/72589385,article,
14 Baby management 婴儿管理,https://zhuanlan.zhihu.com/p/72498488,article,
高树是什么树？可以吃吗？大学牌组第一弹——「高等数学」,https://zhuanlan.zhihu.com/p/71560512,article,
在Anki制卡过程中，你是如何设问的？,https://www.zhihu.com/answer/732296187,answer,
20 Why kids hate school? 为什么孩子们讨厌学校？,https://zhuanlan.zhihu.com/p/70779863,article,
Anki 高考牌组「精简版」修订完毕,https://zhuanlan.zhihu.com/p/70382726,article,
Anki同步时可以切换软件和熄屏吗？,https://www.zhihu.com/answer/723215072,answer,
ankidroid每天要背的卡片如何能够在屏幕上显示出来？,https://www.zhihu.com/answer/719323474,answer,
怎么管理anki的分组?,https://www.zhihu.com/answer/715726553,answer,
高中生有谁用过anki的不？,https://www.zhihu.com/answer/715719324,answer,
祝贺，AnkiDroid 更新支持 MathJax！（附插入公式教程）,https://zhuanlan.zhihu.com/p/69189678,article,
AnkiDroid怎么使用?,https://www.zhihu.com/answer/708157309,answer,
12 Natural creativity cycle 自然创造力周期,https://zhuanlan.zhihu.com/p/68262875,article,
11 Optimum push zone 最佳推动区,https://zhuanlan.zhihu.com/p/67694020,article,
9 Toxic memory 毒性记忆,https://zhuanlan.zhihu.com/p/67390960,article,
13 Brain evolution 大脑进化,https://zhuanlan.zhihu.com/p/67313970,article,
为什么学习不要在乎结果?,https://www.zhihu.com/answer/697086850,answer,
21 Mountain climb metaphor 爬山类比,https://zhuanlan.zhihu.com/p/66683201,article,
是不是越来越多的年轻人开始厌恶房地产了，为什么？,https://www.zhihu.com/answer/690668180,answer,
8 Education counteracts evolution 教育抵消进化,https://zhuanlan.zhihu.com/p/66279009,article,
请问大家怎么用anki背诵专业课，尤其333？,https://www.zhihu.com/answer/685050907,answer,
7 Learn drive vs. learned helplessness 学习内驱力与习得性无助,https://zhuanlan.zhihu.com/p/65899656,article,
请问如何用艾宾浩斯记忆曲线去复习高中知识？,https://www.zhihu.com/answer/682097963,answer,
iPad上面可以下载anki的插件吗？,https://www.zhihu.com/answer/682087940,answer,
10 Why schools fail 为什么学校会失败,https://zhuanlan.zhihu.com/p/65338937,article,
请问anki如何分别设置每个牌组的复习量？,https://www.zhihu.com/answer/675584424,answer,
6 Learn drive and reward 学习内驱力和奖励（6.22-6.25+摘要）,https://zhuanlan.zhihu.com/p/64573052,article,
6 Learn drive and reward 学习内驱力和奖励（6.17-6.21）,https://zhuanlan.zhihu.com/p/64573017,article,
6 Learn drive and reward 学习内驱力和奖励（6.11-6.16）,https://zhuanlan.zhihu.com/p/64572381,article,
6 Learn drive and reward 学习内驱力和奖励（6.1-6.10）,https://zhuanlan.zhihu.com/p/64571517,article,
古典社会模拟游戏《CIVITAS》的历史是怎样的？,https://www.zhihu.com/answer/671217792,answer,
AnkiDroid 用户福音！Anki 涂鸦制卡正式发布！,https://zhuanlan.zhihu.com/p/63915182,article,
有没有人学习的时候不喜欢复习，如何改正？,https://www.zhihu.com/answer/662005361,answer,
如何用anki制作思维导图呢？,https://www.zhihu.com/answer/661983013,answer,
我的 Anki 二周年——曾经的痛苦，不愿再有人遭受,https://zhuanlan.zhihu.com/p/62915980,article,
站在高中数学与物理的角度理解学习观以及对 Anki 学习法的启示(费曼技巧与实践),https://zhuanlan.zhihu.com/p/62257444,article,
anki的记忆难点功能意义是什么白板的功能是什么？,https://www.zhihu.com/answer/645182938,answer,
anki只能记英语吗？,https://www.zhihu.com/answer/645171031,answer,
Anki 教程(电子书)与 B 站 Ankidroid 教程(视频)快速通道,https://zhuanlan.zhihu.com/p/61564332,article,
一张图掌握 AnkiDroid 的 40 个页面！,https://zhuanlan.zhihu.com/p/61561566,article,
如何看待程序员在 GitHub 发起抗议互联网公司实行 996 工作制网站？,https://www.zhihu.com/answer/639083275,answer,
如何看待996.ICU的github repo首页被多家国产浏览器屏蔽？,https://www.zhihu.com/answer/639079908,answer,
如何建立并列的子牌组呀！？,https://www.zhihu.com/answer/637539304,answer,
AnkiDroid如何更改字体颜色？,https://www.zhihu.com/answer/637527716,answer,
Anki手机同步时出现这种状况怎么解决？,https://www.zhihu.com/answer/637524490,answer,
anki不登录可以使用吗？,https://www.zhihu.com/answer/637522914,answer,
基于 GitHub 的 Anki 牌组制作协作介绍,https://zhuanlan.zhihu.com/p/60876949,article,
anki单词如何设置成先看反面内容？,https://www.zhihu.com/answer/634891207,answer,
有没有办法让Anki的功能在Kindle里使用？,https://www.zhihu.com/answer/632824146,answer,
怎么让自己学习记得更牢？,https://www.zhihu.com/answer/632293410,answer,
如何评价游戏《轴心国与同盟国》（常被误称为红色警戒3——世界大战）？,https://www.zhihu.com/answer/630651919,answer,
「一周年」专栏整理,https://zhuanlan.zhihu.com/p/57637220,article,
在使用anki复习的时候该怎么设置按编辑时的顺序复习?,https://www.zhihu.com/answer/628468220,answer,
（已解决）anki 怎么删除子牌组（名称）并保留卡牌内容，归入父牌组下？,https://www.zhihu.com/answer/628461199,answer,
如何量化每天的学习效率？,https://www.zhihu.com/answer/624740358,answer,
「硬核」卡片模板修改与制作入门,https://zhuanlan.zhihu.com/p/59438099,article,
【补档】Anki与高考听力的完美融合——经验与福利分享,https://zhuanlan.zhihu.com/p/59323356,article,
【补档】关于用Anki学习高中政史地的若干建议,https://zhuanlan.zhihu.com/p/59322376,article,
anki下的统计图表怎么看？,https://www.zhihu.com/answer/621749420,answer,
anki2.1中新出的V2 scheduler功能与原来的有什么区别?,https://www.zhihu.com/answer/619959757,answer,
Anki 合作制卡——如何让牌组与表格之间互相转换？,https://zhuanlan.zhihu.com/p/58299293,article,
Anki 学习小组指导手册v0.0.1,https://zhuanlan.zhihu.com/p/57628357,article,
怎么申请Anki的账号？,https://www.zhihu.com/answer/603907794,answer,
anki打开一片空白，过一会儿就自动弹出网页了，如图，这是怎么回事啊？,https://www.zhihu.com/answer/603905883,answer,
【理论】穿插练习——「乱」中取胜的秘密,https://zhuanlan.zhihu.com/p/57139724,article,
【理论】测试效应——什么？考试有助于我的学习？,https://zhuanlan.zhihu.com/p/57113246,article,
【理论】Study smarter， NOT longer. 你需要间隔重复！,https://zhuanlan.zhihu.com/p/57020308,article,
anki的不同版本的使用体验是否不同？,https://www.zhihu.com/answer/600063660,answer,
AnkiDroid 同步慢，「微力同步」来帮忙！,https://zhuanlan.zhihu.com/p/56645974,article,
手机anki如何实现文本左对齐？,https://www.zhihu.com/answer/596462377,answer,
用 Anki 建立高效复习错题体系,https://zhuanlan.zhihu.com/p/56368086,article,
为什么改变原有的学习习惯如此困难？,https://zhuanlan.zhihu.com/p/56194501,article,
你见过最好的笔记是怎样的？,https://www.zhihu.com/answer/585277895,answer,
你摘抄过哪些句子？,https://www.zhihu.com/answer/582991942,answer,
只用过手机的人相比用过电脑后用手机的人有什么不同？,https://www.zhihu.com/questions/310300868,question,
为什么学校不提高老师的上课效率?,https://www.zhihu.com/answer/580494204,answer,
想请教高中生如何运用Anki来学习？,https://www.zhihu.com/answer/580489182,answer,
如何制作app视频教程？,https://www.zhihu.com/questions/310041028,question,
牌组许可证体系,https://zhuanlan.zhihu.com/p/55414738,article,
25 Summary 摘要,https://zhuanlan.zhihu.com/p/55041489,article,
怎么把英语单词快速记住？,https://www.zhihu.com/answer/570033506,answer,
Anki高考的20条原则(16-20)—来自《有效的学习：组织知识的20条原则》,https://zhuanlan.zhihu.com/p/54393154,article,
高中学习中，如何做到学了新的不忘旧的。？,https://www.zhihu.com/answer/566929815,answer,
Anki高考的20条原则(11-15)—来自《有效的学习：组织知识的20条原则》,https://zhuanlan.zhihu.com/p/53919249,article,
高中生用手机、电脑学习还需要克服哪些障碍才能被学校认同？,https://www.zhihu.com/questions/307217165,question,
anki如何重新复习刚学习的卡片？,https://www.zhihu.com/answer/561308053,answer,
Anki高考的20条原则(6-10)—来自《有效的学习：组织知识的20条原则》,https://zhuanlan.zhihu.com/p/52459340,article,
百度、谷歌、有道、必应，哪个翻译更好、更准确？抑或是还有什么更好且准确的翻译应用呢？,https://www.zhihu.com/answer/559082957,answer,
5 Effect of schooling on the learn drive 学校对学习内驱力的影响,https://zhuanlan.zhihu.com/p/52990626,article,
4 Learn drive 学习内驱力,https://zhuanlan.zhihu.com/p/52990549,article,
3 Brain science 脑科学,https://zhuanlan.zhihu.com/p/52990495,article,
2 Motto 箴言,https://zhuanlan.zhihu.com/p/52990307,article,
supermemo.guru 翻译计划开始了！,https://zhuanlan.zhihu.com/p/52816339,article,
1 Introduction 前言,https://zhuanlan.zhihu.com/p/52805512,article,
Anki高考的20条原则(1-5)—来自《有效的学习：组织知识的20条原则》,https://zhuanlan.zhihu.com/p/52369009,article,
『Ankier』的学习态度 & 学习即习惯养成论,https://zhuanlan.zhihu.com/p/52050272,article,
怎样的利用高效工具才是正确的？,https://zhuanlan.zhihu.com/p/51915042,article,
使用anki时，该如何每天都复习一遍所有卡片？,https://www.zhihu.com/answer/545310407,answer,
告别低效~看一眼这里，我帮您省时间！,https://zhuanlan.zhihu.com/p/51407096,article,
怎么用anki背课文？,https://www.zhihu.com/answer/541226864,answer,
如何用anki背诵文段/诗歌？,https://www.zhihu.com/answer/541222063,answer,
高中学习时时间不够是把时间放记笔记做错题总结上还是写作业刷题？,https://www.zhihu.com/answer/541221099,answer,
电子书阅读技巧？怎样阅读电子书更高效？,https://www.zhihu.com/answer/541219391,answer,
高三六科基础差怎么合理安排看网课才有效果？,https://www.zhihu.com/answer/541217628,answer,
理科高考 「全覆盖」牌组制作 & 专栏停更,https://zhuanlan.zhihu.com/p/47831358,article,
破解长篇背诵的 Anki 模板！Anki+网格记忆法！,https://zhuanlan.zhihu.com/p/50393957,article,
关于我的舍友偷偷用手机学习这回事—③,https://zhuanlan.zhihu.com/p/50191634,article,
关于我的舍友偷偷用手机学习这回事—②,https://zhuanlan.zhihu.com/p/50144678,article,
关于我的舍友偷偷用手机学习这回事—①,https://zhuanlan.zhihu.com/p/49490348,article,
及时大量且快速的重复真的有助于记忆么？,https://www.zhihu.com/answer/529503087,answer,
Anki 超强插件推荐,https://zhuanlan.zhihu.com/p/49331137,article,
学习是一件简单的事吗？,https://www.zhihu.com/answer/526480002,answer,
什么是高考？,https://www.zhihu.com/answer/526416006,answer,
各位前辈或是同学有没有具体的辅导书或是学习方法可以推荐给高一萌新的？,https://www.zhihu.com/answer/526414867,answer,
B 站 Anki 学习录像投稿计划,https://zhuanlan.zhihu.com/p/48531333,article,
如何正确利用 「Anki」强大的卡片查找功能？,https://zhuanlan.zhihu.com/p/48318470,article,
电脑端如何快速输入数学符号？,https://zhuanlan.zhihu.com/p/48313836,article,
中国计算机大会参会随笔,https://zhuanlan.zhihu.com/p/47974489,article,
对学习缺乏毅力，兴趣怎么办？,https://www.zhihu.com/answer/496437886,answer,
准高三怎么才可以复习好补好基础？,https://www.zhihu.com/answer/496436771,answer,
用anki做错题本怎么做比较好？,https://www.zhihu.com/answer/490366830,answer,
有哪些经验可以送给 Kindle 新人？,https://www.zhihu.com/answer/473071917,answer,
参加完 2018 年高考的你，对 2019 年高考的学生有没有什么建议？,https://www.zhihu.com/answer/460755881,answer,
从写 AI 到量化思维：深夜写 AI 有感,https://zhuanlan.zhihu.com/p/40661128,article,
从3000名开外到100名以内，我选择 Anki,https://zhuanlan.zhihu.com/p/40572397,article,
「Anki」与时间规划,https://zhuanlan.zhihu.com/p/40386886,article,
Anki怎么一句一句，一段一段的去记忆一篇文章呢？,https://www.zhihu.com/answer/448907211,answer,
现在已经高三了，应该怎样才能把英语从110分提升到130分甚至更多？,https://www.zhihu.com/answer/447475965,answer,
2698 张体验卡片，带每一位高中生进入 Anki 学习法的世界,https://zhuanlan.zhihu.com/p/40144454,article,
2018 年高考录取分数线陆续出炉，有哪些看点与趋势？,https://www.zhihu.com/answer/446460313,answer,
「Anki」：刷卡30分钟，牢记300个知识点，打造学习闭环,https://zhuanlan.zhihu.com/p/39588947,article,
你们是怎么考上 985 的，每科多少分？,https://www.zhihu.com/answer/439313513,answer,
还在请家教？TA会这样辅导你吗？——「Anki」与家教辅导,https://zhuanlan.zhihu.com/p/39428338,article,
What！草稿还能这样“玩”？——「Anki」与草稿纸,https://zhuanlan.zhihu.com/p/38982064,article,
学生党可不可以电脑只装 Linux 操作系统？,https://www.zhihu.com/answer/433184379,answer,
高考完了，对于填报志愿一脸懵，毫无方向怎么办？,https://www.zhihu.com/answer/432211765,answer,
【转载】聊聊【折腾】的重要性,https://zhuanlan.zhihu.com/p/38855705,article,
如何评价“战数高手唐川洪（老唐数学）”？,https://www.zhihu.com/answer/431046736,answer,
寻找一款ankidroid插件，用于桌面提示？,https://www.zhihu.com/answer/428220788,answer,
如何迅速高效的把短时记忆转化为长时记忆？,https://www.zhihu.com/answer/428218846,answer,
记忆的有逻辑的知识的复习周期应该是怎样的？,https://www.zhihu.com/answer/428217718,answer,
Anki如何按字段名搜索/筛选出卡片？,https://www.zhihu.com/answer/428215336,answer,
anki如何筛选出背面空白的单词？,https://www.zhihu.com/answer/428213943,answer,
ankidroid安卓版apkg怎么设置？,https://www.zhihu.com/answer/428208590,answer,
高中生，背极品GRE红宝书合适吗？,https://www.zhihu.com/answer/428204703,answer,
Anki配合什么电子书使用比较好？,https://www.zhihu.com/answer/428200551,answer,
anki的卡片标记到底有什么用？,https://www.zhihu.com/answer/428198531,answer,
史上最“全”「Anki高考」牌组整理完毕！,https://zhuanlan.zhihu.com/p/38507330,article,
如何评价2018年闽省高考？,https://www.zhihu.com/answer/426386295,answer,
关于写作阵地的转进,https://zhuanlan.zhihu.com/p/38267039,article,
如何在Anki中添加思维导图？,https://www.zhihu.com/answer/424615423,answer,
如何有效的用anki记忆除了英语以外的学科？,https://www.zhihu.com/answer/424611471,answer,
anki每天学习英语，新增单词的时间有点长，有没有什么插件可以快速增加单词之类的？,https://www.zhihu.com/answer/424610616,answer,
请问在ANKI软件中如何用别人卡组的卡片来新建自己的记忆库？,https://www.zhihu.com/answer/424607729,answer,
高考完了，你要做什么？,https://www.zhihu.com/answer/424602365,answer,
你还在按科目整理材料？论「Anki」思维对归类材料的启发！,https://zhuanlan.zhihu.com/p/38401696,article,
考前复习Anki怎么设置每个单词都过一遍？,https://www.zhihu.com/answer/423893350,answer,
使用Anki改变了你什么？,https://www.zhihu.com/answer/423887700,answer,
ios版anki 正反卡片怎么制作呀？,https://www.zhihu.com/answer/423868621,answer,
简单常见记忆误区解惑,https://zhuanlan.zhihu.com/p/38306259,article,
学过的东西马上就忘了怎么办？,https://www.zhihu.com/answer/420515016,answer,
有哪些每天坚持效果显著的高中学习习惯？,https://www.zhihu.com/answer/420215399,answer,
促使你高三拼命学习的动力是什么？,https://www.zhihu.com/answer/420214110,answer,
参加完高考的你有什么忠告可以给高二、高一的学弟学妹们么？,https://www.zhihu.com/answer/420211652,answer,
【实战】简单 Anki 生物之必修一,https://zhuanlan.zhihu.com/p/38183211,article,
【转载】你总是在权衡利弊，却不肯用尽全力,https://zhuanlan.zhihu.com/p/38017339,article,
带你用「Anki」轻松战高考！,https://zhuanlan.zhihu.com/p/38010369,article,
如果在该学习的时候不想学习怎么办？,https://www.zhihu.com/answer/415341962,answer,
【分享】简单 Anki 英语之高考考纲单词,https://zhuanlan.zhihu.com/p/37969231,article,
揭秘「Anki」考前制卡记录（及暑假计划）,https://zhuanlan.zhihu.com/p/37501272,article,
做卡片太慢，错题太多不想录入？用「Anki」错题复习法！,https://zhuanlan.zhihu.com/p/37260129,article,
揭秘「Anki」强化训练法,https://zhuanlan.zhihu.com/p/37028927,article,
学霸们是如何不荒度假期的？,https://www.zhihu.com/answer/395233768,answer,
【实战】简单 Anki 英语之词性转换,https://zhuanlan.zhihu.com/p/36788200,article,
简单「Anki」操作手册,https://zhuanlan.zhihu.com/p/36775923,article,
简单「Anki」团队学习,https://zhuanlan.zhihu.com/p/36746902,article,
有哪些堪称「神器」，却鲜为人知的软件/网站/互联网服务？,https://www.zhihu.com/answer/389250034,answer,
哪个学习网站或是软件比较好？,https://www.zhihu.com/answer/388804416,answer,
有没有很好的全科复习软件？ 介绍一下？,https://www.zhihu.com/answer/388801593,answer,
考前应该怎样刷试卷？,https://www.zhihu.com/answer/388799997,answer,
高二理科生，马上面临高考，在一群很不怎么样的学校，想考660+，要达到什么样的水平，学习方法？,https://www.zhihu.com/answer/388798543,answer,
Anki如何设置每日所背个数？,https://www.zhihu.com/answer/386594458,answer,
【实战】简单 Anki 英语之熟词生义,https://zhuanlan.zhihu.com/p/36475725,article,
高考文化常识怎么背？,https://www.zhihu.com/answer/379688190,answer,
简单 Anki 高考制卡心得,https://zhuanlan.zhihu.com/p/35390139,article,
在高中，如何做好错题本？,https://www.zhihu.com/answer/379153079,answer,
高三有哪些好习惯可以提高学习效率？,https://www.zhihu.com/answer/378525245,answer,
【实战】简单 Anki 物理之物理学史,https://zhuanlan.zhihu.com/p/36238520,article,
高考一个月，生物如何从50提到70？,https://www.zhihu.com/answer/377341183,answer,
如果学习也能像STEAM玩游戏一样衡量时间 那么学霸们都是在“STUDY”这一游戏上花了多少时间？,https://www.zhihu.com/answer/376535432,answer,
有哪些好用的高中学习软件？,https://www.zhihu.com/answer/375683657,answer,
如何利用anki备战高考？,https://www.zhihu.com/answer/374483742,answer,
有没有好的学习方法，介绍一下（最好是坚持不懈的）？,https://www.zhihu.com/answer/372768445,answer,
有哪些初高中生好用的学习类APP，比如洋葱数学一类的？,https://www.zhihu.com/answer/372760283,answer,
简单 Anki 高中牌组获取,https://zhuanlan.zhihu.com/p/35933765,article,
【实战】简单 Anki 语文之背默易错字,https://zhuanlan.zhihu.com/p/35926711,article,
【分享】简单 Anki 英语之作文话题,https://zhuanlan.zhihu.com/p/35688502,article,
简单高考╳Anki问题收集贴,https://zhuanlan.zhihu.com/p/35466617,article,
网上哪里能找到高中英语课文的原文？,https://www.zhihu.com/answer/360822744,answer,
有什么快狠准的背公式方法？,https://www.zhihu.com/answer/360817942,answer,
如何提高学习效率 加强学习欲望   如何自学？,https://www.zhihu.com/answer/360794001,answer,
求推荐提高高中学习效率的方法？,https://www.zhihu.com/answer/360766148,answer,
高中英语到底学什么？,https://www.zhihu.com/answer/360641196,answer,
简单刷题方法论,https://zhuanlan.zhihu.com/p/35376245,article,
简单「Anki」打卡贴（旧）,https://zhuanlan.zhihu.com/p/35370995,article,
把学习材料录入Anki并分享算不算侵权？,https://www.zhihu.com/questions/271319654,question,
把学习材料录入Anki并分享算不算侵权？,https://www.zhihu.com/questions/271319654,question,
如何处理自控力与玩乐、罪恶感的矛盾？,https://www.zhihu.com/answer/360149420,answer,
怎样提高学习的效率？,https://www.zhihu.com/answer/359893548,answer,
简单「Anki」上手教程,https://zhuanlan.zhihu.com/p/35345297,article,
【实战】简单 Anki 化学之答题规范（纸质材料制卡）,https://zhuanlan.zhihu.com/p/35344493,article,
有没有学霸帮学渣逆袭？,https://www.zhihu.com/answer/359532600,answer,
有什么用anki记忆古文或者古诗的特殊技巧吗？,https://www.zhihu.com/answer/359530791,answer,
anki手机版如何改学习任务，即设定每天被多少单词？,https://www.zhihu.com/answer/359526664,answer,
Anki的同步问题有什么好的解决办法？,https://www.zhihu.com/answer/359524687,answer,
怎样高效有顺序的记化学笔记？,https://www.zhihu.com/answer/359522139,answer,
怎么让手机对学习有帮助？,https://www.zhihu.com/answer/359515628,answer,
简单分享「Anki」与效率软件,https://zhuanlan.zhihu.com/p/35322894,article,
英语零基础用什么方法背单词？,https://www.zhihu.com/answer/358901400,answer,
如何快速有效地背书（记忆性的东西）?,https://www.zhihu.com/answer/358707607,answer,
简单分享高考╳Anki使用经验,https://zhuanlan.zhihu.com/p/35298807,article,
简单专栏介绍及目录,https://zhuanlan.zhihu.com/p/35235203,article,
推荐计算机专业学习单词的app？,https://www.zhihu.com/answer/357894231,answer,
有没有一款学习软件可以推送同类题呢？,https://www.zhihu.com/questions/270868656,question,
有没有一款学习软件可以推送同类题呢？,https://www.zhihu.com/questions/270868656,question,
高考英语作文中可以用哪些特别地道的句子句式或单词而得到格外加分？,https://www.zhihu.com/answer/356946964,answer,
高中时代助你们上天的学习方法都有什么？,https://www.zhihu.com/answer/356914650,answer,
【实战】简单 Anki 语文之成语熟语,https://zhuanlan.zhihu.com/p/35185793,article,
简单分享高考╳Anki学习技巧怎么做,https://zhuanlan.zhihu.com/p/35097082,article,
简单交流高中学习是什么,https://zhuanlan.zhihu.com/p/35060560,article,
简单了解「Anki」是什么,https://zhuanlan.zhihu.com/p/35039475,article,
某高三学生基于 Anki 的学习模式,https://zhuanlan.zhihu.com/p/34901882,article,
【实战】简单 Anki 英语之作文词汇,https://zhuanlan.zhihu.com/p/34891600,article,
某高三学生的「Anki」使用心得,https://zhuanlan.zhihu.com/p/34881368,article,
电脑所有程序都用windows media player 打开？,https://www.zhihu.com/answer/333700345,answer,
如何不再沉迷于一部游戏？,https://www.zhihu.com/answer/320879976,answer,
看完《追忆似水年华》你用了多长时间？,https://www.zhihu.com/answer/319072304,answer,
谁能一句话证明你读过《追忆似水年华》这本书？,https://www.zhihu.com/answer/319068364,answer,
如何评价《永远消失的幻想乡》完整版?,https://www.zhihu.com/answer/224325597,answer,
在麦当劳写作业会不会很失礼？,https://www.zhihu.com/answer/180733301,answer,
SICP换零钱迭代方法实现，是如何写的？,https://www.zhihu.com/answer/152172517,answer,
