构建知识树,https://www.yuque.com/supermemo/wiki/building_the_knowledge_tree,article
常见问题解答,https://www.yuque.com/supermemo/faq,article
筛选组学习,https://www.yuque.com/supermemo/wiki/subset_learning,article
渐进阅读,https://www.yuque.com/supermemo/wiki/incremental_reading,article
渐进写作,https://www.yuque.com/supermemo/wiki/incremental_writing,article
如何用Anki学数学?,https://zhuanlan.zhihu.com/p/359350968,article
量子物理学家是如何使用 Anki 的？,https://zhuanlan.zhihu.com/p/65131722,article
学过的东西马上就忘了怎么办？,https://www.zhihu.com/question/27252044/answer/109590714,article
"重度使用间隔重复软件一年半后, 我的语言学习探索心得",https://zhuanlan.zhihu.com/p/426075924,article
SuperMemo增量阅读流程（老强制作v1.01)中英文版,https://zhuanlan.zhihu.com/p/342417663,article
SuperMemo【同时阅读成百上千本书】的方案——【时间块】方案,https://zhuanlan.zhihu.com/p/390375194,article
supermemo【知识树】【概念】和【链接】的作用和使用,https://zhuanlan.zhihu.com/p/377680572,article
SuperMemo 图片完美材料导入教程,https://zhuanlan.zhihu.com/p/377280556,article
渐进学习之信息摄入指北,https://zhuanlan.zhihu.com/p/365604007,article
SuperMemo 知识树与神经复习,https://zhuanlan.zhihu.com/p/364622932,article
SuperMemo 18 中文懒人包,https://www.yuque.com/supermemo/howtolearn/lazy_package,article
键盘快捷键,https://www.yuque.com/supermemo/wiki/keyboard-shortcuts,article
使用SuperMemo进行神经学习,https://www.yuque.com/supermemo/wiki/neural_learning_with_supermemo,article
优先级队列,https://www.yuque.com/supermemo/wiki/priority_queue,article
常见问题：SuperMemo上手疑问,https://www.yuque.com/supermemo/wiki/begin,article
SuperMemo十诫,https://www.yuque.com/supermemo/wiki/decalog,article
一记一动,https://www.yuque.com/supermemo/wiki/additional_skills_in_il#4nByO,article
渐进主义和中断不是强制性的,https://www.yuque.com/supermemo/wiki/incrementalism_and_interruption,article
示范：渐进学习中的实际操作,https://www.yuque.com/supermemo/wiki/examples,article
帮助文档,https://www.yuque.com/supermemo/wiki,article
您想选哪个复习间隔？,https://www.yuque.com/supermemo/wiki/which_interval_do_you_want_to_use,article
例句法背单词,https://zhuanlan.zhihu.com/p/25866272,article
